{
"type": "FeatureCollection",
"name": "comisarias-2025",
"crs": { "type": "name", "properties": { "name": "urn:ogc:def:crs:OGC:1.3:CRS84" } },
"features": [
{ "type": "Feature", "properties": { "municipio_id": 6854, "municipio_nombre": "25 de Mayo", "localidad": "Pedernales", "dependencia": "Subcomisaría Pedernales", "telefono": "02343 - 498433", "direccion": "San Martín y Alcorta ", "latitud": -35.43424063, "longitud": -60.16481339 }, "geometry": { "type": "Point", "coordinates": [ -60.16481339, -35.43424063 ] } },
{ "type": "Feature", "properties": { "municipio_id": 6854, "municipio_nombre": "25 de Mayo", "localidad": "25 de Mayo", "dependencia": "Comisaría 25 de Mayo 1°", "telefono": "02345 - 465432/ 462112", "direccion": "Calle 9 N° 752  e/ 26 y 27 ", "latitud": -35.433527, "longitud": -60.170958 }, "geometry": { "type": "Point", "coordinates": [ -60.170958, -35.433527 ] } },
{ "type": "Feature", "properties": { "municipio_id": 6854, "municipio_nombre": "25 de Mayo", "localidad": "La Riestra", "dependencia": "Comisaría 25 de Mayo 2°", "telefono": "02343 - 440091/ 440113", "direccion": "Güemes y Vargas ", "latitud": -35.269225, "longitud": -59.773672 }, "geometry": { "type": "Point", "coordinates": [ -59.773672, -35.269225 ] } },
{ "type": "Feature", "properties": { "municipio_id": 6854, "municipio_nombre": "25 de Mayo", "localidad": "Gobernador Ugarte", "dependencia": "Subcomisaría Gobernador Ugarte", "telefono": "02346 - 493037", "direccion": "San Martín e/ Tucumán y Buenos Aires ", "latitud": -35.1648599, "longitud": -60.07994647 }, "geometry": { "type": "Point", "coordinates": [ -60.07994647, -35.1648599 ] } },
{ "type": "Feature", "properties": { "municipio_id": 6588, "municipio_nombre": "9 de Julio", "localidad": "9 de Julio", "dependencia": "Estación Policía Comunal 9 de Julio", "telefono": "02317 - 422010/ 423452", "direccion": "Robbio N° 945 ", "latitud": -35.4448609, "longitud": -60.88620425 }, "geometry": { "type": "Point", "coordinates": [ -60.88620425, -35.4448609 ] } },
{ "type": "Feature", "properties": { "municipio_id": 6588, "municipio_nombre": "9 de Julio", "localidad": "Dudignac", "dependencia": "Subestación Policía Comunal Dudignac", "telefono": "02317 - 492013", "direccion": "Calle 9 de Julio y Colón N° 634 ", "latitud": null, "longitud": null }, "geometry": null },
{ "type": "Feature", "properties": { "municipio_id": 6007, "municipio_nombre": "Adolfo Alsina", "localidad": "Carhué", "dependencia": "Estación Policía Comunal Adolfo Alsina", "telefono": "02936 - 432211", "direccion": "Pellegrini N° 1151 ", "latitud": -37.179178, "longitud": -62.7624324 }, "geometry": { "type": "Point", "coordinates": [ -62.7624324, -37.179178 ] } },
{ "type": "Feature", "properties": { "municipio_id": 6014, "municipio_nombre": "Adolfo Gonzales Chaves", "localidad": "Gonzales Chaves", "dependencia": "Estación Policía Comunal Gonzales Chaves", "telefono": "02983 – 481360/ 481297", "direccion": "General Paz N° 287 esquina Sarmiento ", "latitud": null, "longitud": null }, "geometry": null },
{ "type": "Feature", "properties": { "municipio_id": 6021, "municipio_nombre": "Alberti", "localidad": "Alberti", "dependencia": "Estación Policía Comunal Alberti", "telefono": "02346 – 471337 / 470114", "direccion": "Alem y Chacabuco ", "latitud": -35.029371, "longitud": -60.282605 }, "geometry": { "type": "Point", "coordinates": [ -60.282605, -35.029371 ] } },
{ "type": "Feature", "properties": { "municipio_id": 6028, "municipio_nombre": "Almirante Brown", "localidad": "Glew", "dependencia": "Comisaría Almirante Brown 7°", "telefono": "02224 - 420522/ 420685", "direccion": "Sarmiento N° 498 ", "latitud": -34.88841832, "longitud": -58.38432204 }, "geometry": { "type": "Point", "coordinates": [ -58.38432204, -34.88841832 ] } },
{ "type": "Feature", "properties": { "municipio_id": 6028, "municipio_nombre": "Almirante Brown", "localidad": "Longchamps", "dependencia": "Comisaría Almirante Brown 4°", "telefono": "011 - 42970333/ 42335608", "direccion": "Aviación N° 461 ", "latitud": -34.85638425, "longitud": -58.38853023 }, "geometry": { "type": "Point", "coordinates": [ -58.38853023, -34.85638425 ] } },
{ "type": "Feature", "properties": { "municipio_id": 6028, "municipio_nombre": "Almirante Brown", "localidad": "Burzaco", "dependencia": "Comisaría Almirante Brown 2°", "telefono": "011 - 42990444/ 2315", "direccion": "Av. Espora N° 1200 y 9 de Julio ", "latitud": -34.82053, "longitud": -58.388965 }, "geometry": { "type": "Point", "coordinates": [ -58.388965, -34.82053 ] } },
{ "type": "Feature", "properties": { "municipio_id": 6028, "municipio_nombre": "Almirante Brown", "localidad": "Claypole", "dependencia": "Comisaría Almirante Brown 6°", "telefono": "011 – 42911390/ 42193608", "direccion": "Bollini N° 650 ", "latitud": -34.79821285, "longitud": -58.33380027 }, "geometry": { "type": "Point", "coordinates": [ -58.33380027, -34.79821285 ] } },
{ "type": "Feature", "properties": { "municipio_id": 6028, "municipio_nombre": "Almirante Brown", "localidad": "Rafael Calzada", "dependencia": "Comisaría Almirante Brown 5°", "telefono": "011 - 42911444", "direccion": "Dardo Rocha y Agüero ", "latitud": -34.798119, "longitud": -58.355689 }, "geometry": { "type": "Point", "coordinates": [ -58.355689, -34.798119 ] } },
{ "type": "Feature", "properties": { "municipio_id": 6028, "municipio_nombre": "Almirante Brown", "localidad": "Adrogué", "dependencia": "Comisaría Almirante Brown 1°", "telefono": "011 - 42146115/ 42941516", "direccion": "Toll N° 1580 ", "latitud": -34.79358394, "longitud": -58.38341864 }, "geometry": { "type": "Point", "coordinates": [ -58.38341864, -34.79358394 ] } },
{ "type": "Feature", "properties": { "municipio_id": 6028, "municipio_nombre": "Almirante Brown", "localidad": "Claypole", "dependencia": "Comisaría Almirante Brown 10°", "telefono": "011 - 42771000", "direccion": "Margarita y Rosa ", "latitud": -34.78809259, "longitud": -58.32001568 }, "geometry": { "type": "Point", "coordinates": [ -58.32001568, -34.78809259 ] } },
{ "type": "Feature", "properties": { "municipio_id": 6028, "municipio_nombre": "Almirante Brown", "localidad": "José Mármol", "dependencia": "Comisaría Almirante Brown 9°", "telefono": "011 - 42196435/ 6413", "direccion": "Bynnon N° 3137 ", "latitud": -34.78580825, "longitud": -58.36833988 }, "geometry": { "type": "Point", "coordinates": [ -58.36833988, -34.78580825 ] } },
{ "type": "Feature", "properties": { "municipio_id": 6028, "municipio_nombre": "Almirante Brown", "localidad": "San José", "dependencia": "Comisaría Almirante Brown 3°", "telefono": "011 - 42911619/ 42193598", "direccion": "Divisoria N° 4254 ", "latitud": -34.771786, "longitud": -58.359342 }, "geometry": { "type": "Point", "coordinates": [ -58.359342, -34.771786 ] } },
{ "type": "Feature", "properties": { "municipio_id": 6028, "municipio_nombre": "Almirante Brown", "localidad": "Don Orione", "dependencia": "Comisaría Almirante Brown 8°", "telefono": "011 - 42685104/7732", "direccion": "Manzana “D” Calle 7 Casa 13 ", "latitud": null, "longitud": null }, "geometry": null },
{ "type": "Feature", "properties": { "municipio_id": 6077, "municipio_nombre": "Arrecifes", "localidad": "Arrecifes", "dependencia": "Comisaría Arrecifes", "telefono": "02478 – 452559/ 452521", "direccion": "Saavedra N° 226 ", "latitud": -34.0681305, "longitud": -60.1087762 }, "geometry": { "type": "Point", "coordinates": [ -60.1087762, -34.0681305 ] } },
{ "type": "Feature", "properties": { "municipio_id": 6035, "municipio_nombre": "Avellaneda", "localidad": "Villa Corina", "dependencia": "Comisaría Avellaneda 7°", "telefono": "011 - 42275656/ 42171499", "direccion": "Oyuela N° 1600 ", "latitud": -34.70372445, "longitud": -58.34751476 }, "geometry": { "type": "Point", "coordinates": [ -58.34751476, -34.70372445 ] } },
{ "type": "Feature", "properties": { "municipio_id": 6035, "municipio_nombre": "Avellaneda", "localidad": "Wilde", "dependencia": "Comisaría Avellaneda 5°", "telefono": "011 - 42070375/ 4444", "direccion": "Las Flores N° 363 ", "latitud": -34.7009695, "longitud": -58.31356876 }, "geometry": { "type": "Point", "coordinates": [ -58.31356876, -34.7009695 ] } },
{ "type": "Feature", "properties": { "municipio_id": 6035, "municipio_nombre": "Avellaneda", "localidad": "Gerli (Echenagucía)", "dependencia": "Comisaría Avellaneda 6°", "telefono": "011 - 42053138/ 42044444/ 42036774", "direccion": "Carabelas N° 1151 ", "latitud": -34.6873454, "longitud": -58.37263384 }, "geometry": { "type": "Point", "coordinates": [ -58.37263384, -34.6873454 ] } },
{ "type": "Feature", "properties": { "municipio_id": 6035, "municipio_nombre": "Avellaneda", "localidad": "Sarandí", "dependencia": "Comisaría Avellaneda 4°", "telefono": "011 - 42077809/3333", "direccion": "Villa Luján N° 15 ", "latitud": -34.6859647, "longitud": -58.34133346 }, "geometry": { "type": "Point", "coordinates": [ -58.34133346, -34.6859647 ] } },
{ "type": "Feature", "properties": { "municipio_id": 6035, "municipio_nombre": "Avellaneda", "localidad": "Dock Sud", "dependencia": "Comisaría Avellaneda 3°", "telefono": "011 - 42036706", "direccion": "Debenedetti N° 1802 ", "latitud": -34.66798065, "longitud": -58.34404729 }, "geometry": { "type": "Point", "coordinates": [ -58.34404729, -34.66798065 ] } },
{ "type": "Feature", "properties": { "municipio_id": 6035, "municipio_nombre": "Avellaneda", "localidad": "Avellaneda", "dependencia": "Comisaría Avellaneda 1°", "telefono": "011 - 42222929/ 42220106", "direccion": "Lavalle N° 158 ", "latitud": -34.66392392, "longitud": -58.36791225 }, "geometry": { "type": "Point", "coordinates": [ -58.36791225, -34.66392392 ] } },
{ "type": "Feature", "properties": { "municipio_id": 6035, "municipio_nombre": "Avellaneda", "localidad": "Piñeyro", "dependencia": "Comisaría Avellaneda 2°", "telefono": "011 - 42038460/ 42019131/ 42220149", "direccion": "Giriboni N° 495 ", "latitud": -34.661562, "longitud": -58.377957 }, "geometry": { "type": "Point", "coordinates": [ -58.377957, -34.661562 ] } },
{ "type": "Feature", "properties": { "municipio_id": 6042, "municipio_nombre": "Ayacucho", "localidad": "Ayacucho", "dependencia": "Estación Policía Comunal Ayacucho", "telefono": "02296 - 452013/ 451567", "direccion": "Mitre N° 1152 ", "latitud": -37.15318585, "longitud": -58.49086968 }, "geometry": { "type": "Point", "coordinates": [ -58.49086968, -37.15318585 ] } },
{ "type": "Feature", "properties": { "municipio_id": 6049, "municipio_nombre": "Azul", "localidad": "Chillar", "dependencia": "Subcomisaría Chillar", "telefono": "02281 - 497111", "direccion": "Roca N° 179 ", "latitud": -37.3121758, "longitud": -59.9847092 }, "geometry": { "type": "Point", "coordinates": [ -59.9847092, -37.3121758 ] } },
{ "type": "Feature", "properties": { "municipio_id": 6049, "municipio_nombre": "Azul", "localidad": "Azul", "dependencia": "Comisaría Azul 1°", "telefono": "02281 - 431368/ 743", "direccion": "Las Flores y Belgrano ", "latitud": -36.77314, "longitud": -59.866664 }, "geometry": { "type": "Point", "coordinates": [ -59.866664, -36.77314 ] } },
{ "type": "Feature", "properties": { "municipio_id": 6049, "municipio_nombre": "Azul", "localidad": "Cacharí", "dependencia": "Subcomisaría Cacharí", "telefono": "02281 - 481111", "direccion": "Calle 25 de Mayo N° 1740 ", "latitud": null, "longitud": null }, "geometry": null },
{ "type": "Feature", "properties": { "municipio_id": 6056, "municipio_nombre": "Bahía Blanca", "localidad": "Bahía Blanca", "dependencia": "Subcomisaría Villa Rosas", "telefono": "0291 - 4553011", "direccion": "Libertad N° 2212 ", "latitud": -38.7580855, "longitud": -62.26367779 }, "geometry": { "type": "Point", "coordinates": [ -62.26367779, -38.7580855 ] } },
{ "type": "Feature", "properties": { "municipio_id": 6056, "municipio_nombre": "Bahía Blanca", "localidad": "Bahía Blanca", "dependencia": "Comisaría Bahía Blanca 1°", "telefono": "0291 – 4551902/ 4556482", "direccion": "Berutti N° 650 ", "latitud": -38.75418594, "longitud": -62.2288985 }, "geometry": { "type": "Point", "coordinates": [ -62.2288985, -38.75418594 ] } },
{ "type": "Feature", "properties": { "municipio_id": 6056, "municipio_nombre": "Bahía Blanca", "localidad": "Bahía Blanca", "dependencia": "Comisaría Bahía Blanca 3°", "telefono": "0291 - 4550038/ 4550551", "direccion": "San Martín N° 3611 ", "latitud": -38.7359992, "longitud": -62.273699 }, "geometry": { "type": "Point", "coordinates": [ -62.273699, -38.7359992 ] } },
{ "type": "Feature", "properties": { "municipio_id": 6056, "municipio_nombre": "Bahía Blanca", "localidad": "Bahía Blanca", "dependencia": "Comisaría Bahía Blanca 4°", "telefono": "0291 - 48208216/ 4816498", "direccion": "Garibaldi N° 262 ", "latitud": -38.72855911, "longitud": -62.24657249 }, "geometry": { "type": "Point", "coordinates": [ -62.24657249, -38.72855911 ] } },
{ "type": "Feature", "properties": { "municipio_id": 6056, "municipio_nombre": "Bahía Blanca", "localidad": "Bahía Blanca", "dependencia": "Comisaría Bahía Blanca 2°", "telefono": "0291 - 4556745/ 4556643", "direccion": "Roca N° 557 ", "latitud": -38.7203588, "longitud": -62.27813113 }, "geometry": { "type": "Point", "coordinates": [ -62.27813113, -38.7203588 ] } },
{ "type": "Feature", "properties": { "municipio_id": 6056, "municipio_nombre": "Bahía Blanca", "localidad": "Bahía Blanca", "dependencia": "Comisaría Bahía Blanca 5°", "telefono": "0291 - 4552984/ 4555300", "direccion": "Don Bosco N° 1768 ", "latitud": -38.7160167, "longitud": -62.30232455 }, "geometry": { "type": "Point", "coordinates": [ -62.30232455, -38.7160167 ] } },
{ "type": "Feature", "properties": { "municipio_id": 6056, "municipio_nombre": "Bahía Blanca", "localidad": "Bahía Blanca", "dependencia": "Subcomisaría General Cerri", "telefono": "0291 - 4846033", "direccion": "Calle 1° Junta y 25 de Mayo ", "latitud": null, "longitud": null }, "geometry": null },
{ "type": "Feature", "properties": { "municipio_id": 6063, "municipio_nombre": "Balcarce", "localidad": "Balcarce", "dependencia": "Estación Policía Comunal Balcarce", "telefono": "02266 - 424013/23", "direccion": "Av. Favaloro N° 670 ", "latitud": -37.8477296, "longitud": -58.2542879 }, "geometry": { "type": "Point", "coordinates": [ -58.2542879, -37.8477296 ] } },
{ "type": "Feature", "properties": { "municipio_id": 6070, "municipio_nombre": "Baradero", "localidad": "Baradero", "dependencia": "Estación Policía Comunal Baradero", "telefono": "03329 - 480115", "direccion": "Gorriti N° 158 esquina Gallo ", "latitud": -33.81006, "longitud": -59.511051 }, "geometry": { "type": "Point", "coordinates": [ -59.511051, -33.81006 ] } },
{ "type": "Feature", "properties": { "municipio_id": 6084, "municipio_nombre": "Benito Juárez", "localidad": "Benito Juárez", "dependencia": "Estación Policía Comunal Benito Juárez", "telefono": "02292 – 452222/ 454268", "direccion": "Belgrano N° 37 ", "latitud": -37.6754195, "longitud": -59.8038075 }, "geometry": { "type": "Point", "coordinates": [ -59.8038075, -37.6754195 ] } },
{ "type": "Feature", "properties": { "municipio_id": 6084, "municipio_nombre": "Benito Juárez", "localidad": "Villa Cacique", "dependencia": "Subestación Villa Cacique", "telefono": "02292 - 498111", "direccion": "Costa Rica N° 19 ", "latitud": -37.67467142, "longitud": -59.39548265 }, "geometry": { "type": "Point", "coordinates": [ -59.39548265, -37.67467142 ] } },
{ "type": "Feature", "properties": { "municipio_id": 6091, "municipio_nombre": "Berazategui", "localidad": "El Pato", "dependencia": "Comisaría Berazategui 5°", "telefono": "02229 - 491512/ 491111", "direccion": "Calle 537 y 613 ", "latitud": -34.88690243, "longitud": -58.17094487 }, "geometry": { "type": "Point", "coordinates": [ -58.17094487, -34.88690243 ] } },
{ "type": "Feature", "properties": { "municipio_id": 6091, "municipio_nombre": "Berazategui", "localidad": "Gutiérrez", "dependencia": "Comisaría Berazategui 3°", "telefono": "02229 - 452485/ 441094", "direccion": "Calle 413 y 455 ", "latitud": -34.83638955, "longitud": -58.18578955 }, "geometry": { "type": "Point", "coordinates": [ -58.18578955, -34.83638955 ] } },
{ "type": "Feature", "properties": { "municipio_id": 6091, "municipio_nombre": "Berazategui", "localidad": "Hudson", "dependencia": "Comisaría Berazategui 4°", "telefono": "02229 - 440606", "direccion": "Ermelo e/ 134 y 135 ", "latitud": -34.806274, "longitud": -58.183064 }, "geometry": { "type": "Point", "coordinates": [ -58.183064, -34.806274 ] } },
{ "type": "Feature", "properties": { "municipio_id": 6091, "municipio_nombre": "Berazategui", "localidad": "Ranelagh", "dependencia": "Comisaría Berazategui 2°", "telefono": "011 - 42588788/ 42588551/ 42231825", "direccion": "Calle 364 y 311 ", "latitud": -34.78668512, "longitud": -58.20628266 }, "geometry": { "type": "Point", "coordinates": [ -58.20628266, -34.78668512 ] } },
{ "type": "Feature", "properties": { "municipio_id": 6091, "municipio_nombre": "Berazategui", "localidad": "Berazategui", "dependencia": "Comisaría Berazategui 1°", "telefono": "011 - 42561133/ 2532", "direccion": "Calle 11 N° 4763 e/ 147 y 148 ", "latitud": -34.759203, "longitud": -58.212306 }, "geometry": { "type": "Point", "coordinates": [ -58.212306, -34.759203 ] } },
{ "type": "Feature", "properties": { "municipio_id": 6098, "municipio_nombre": "Berisso", "localidad": "El Carmen", "dependencia": "Comisaría Berisso 3°", "telefono": "0221 - 4862831/ 7127", "direccion": "Calle 36 (96) y 126 ", "latitud": null, "longitud": null }, "geometry": null },
{ "type": "Feature", "properties": { "municipio_id": 6098, "municipio_nombre": "Berisso", "localidad": "Villa Argüello", "dependencia": "Comisaría Berisso 4°", "telefono": "0221 - 4231924/ 4276558", "direccion": "Calle 63 e/124 y 125 ", "latitud": -34.906956, "longitud": -57.921939 }, "geometry": { "type": "Point", "coordinates": [ -57.921939, -34.906956 ] } },
{ "type": "Feature", "properties": { "municipio_id": 6098, "municipio_nombre": "Berisso", "localidad": "Los Talas", "dependencia": "Comisaría Berisso 2°", "telefono": "0221 - 4620707/ 0211", "direccion": "Av. Montevideo N° 3491 e/ 37 y 38 ", "latitud": -34.878161, "longitud": -57.851174 }, "geometry": { "type": "Point", "coordinates": [ -57.851174, -34.878161 ] } },
{ "type": "Feature", "properties": { "municipio_id": 6098, "municipio_nombre": "Berisso", "localidad": "Berisso", "dependencia": "Comisaría Berisso 1°", "telefono": "0221 - 4640005/ 06", "direccion": "Calle 169 e/ 8 y Av. del Inmigrante ", "latitud": -34.865795, "longitud": -57.885628 }, "geometry": { "type": "Point", "coordinates": [ -57.885628, -34.865795 ] } },
{ "type": "Feature", "properties": { "municipio_id": 6105, "municipio_nombre": "Bolívar", "localidad": "Urdampilleta", "dependencia": "Subcomisaría Urdampilleta", "telefono": "02314 - 491012", "direccion": "Saavedra N° 447 ", "latitud": -36.4296885, "longitud": -61.4174941 }, "geometry": { "type": "Point", "coordinates": [ -61.4174941, -36.4296885 ] } },
{ "type": "Feature", "properties": { "municipio_id": 6105, "municipio_nombre": "Bolívar", "localidad": "Bolívar", "dependencia": "Comisaría Bolívar", "telefono": "02314 – 420495", "direccion": "Arenales N° 96 ", "latitud": -36.2308973, "longitud": -61.1127203 }, "geometry": { "type": "Point", "coordinates": [ -61.1127203, -36.2308973 ] } },
{ "type": "Feature", "properties": { "municipio_id": 6112, "municipio_nombre": "Bragado", "localidad": "Bragado", "dependencia": "Estación Policía Comunal Bragado", "telefono": "02342 – 422779/ 430555/ 430121", "direccion": "Belgrano N° 1141 ", "latitud": -35.1147848, "longitud": -60.4909524 }, "geometry": { "type": "Point", "coordinates": [ -60.4909524, -35.1147848 ] } },
{ "type": "Feature", "properties": { "municipio_id": 6112, "municipio_nombre": "Bragado", "localidad": "General O’Brien", "dependencia": "Subestación Policía Comunal O’Brien", "telefono": "02342 - 498046", "direccion": "Av. 25 de Mayo N° 37 ", "latitud": -34.90602657, "longitud": -60.7618992 }, "geometry": { "type": "Point", "coordinates": [ -60.7618992, -34.90602657 ] } },
{ "type": "Feature", "properties": { "municipio_id": 6119, "municipio_nombre": "Brandsen", "localidad": "Brandsen", "dependencia": "Estación Policía Comunal Brandsen", "telefono": "02223 – 442215/ 442690", "direccion": "Sáenz Peña y Mitre ", "latitud": null, "longitud": null }, "geometry": null },
{ "type": "Feature", "properties": { "municipio_id": 6126, "municipio_nombre": "Campana", "localidad": "Campana", "dependencia": "Comisaría Campana", "telefono": "03489 - 422534", "direccion": "Rawson N° 372 ", "latitud": -34.16353671, "longitud": -58.96143499 }, "geometry": { "type": "Point", "coordinates": [ -58.96143499, -34.16353671 ] } },
{ "type": "Feature", "properties": { "municipio_id": 6134, "municipio_nombre": "Cañuelas", "localidad": "Cañuelas", "dependencia": "Estación Policía Comunal Cañuelas Sección 1°", "telefono": "02226 – 421390/ 421028", "direccion": "Libertad N° 738 ", "latitud": -35.05414501, "longitud": -58.76084235 }, "geometry": { "type": "Point", "coordinates": [ -58.76084235, -35.05414501 ] } },
{ "type": "Feature", "properties": { "municipio_id": 6134, "municipio_nombre": "Cañuelas", "localidad": "Máximo Paz", "dependencia": "Estación Policía Comunal Cañuelas Sección 2° (Máximo Paz)", "telefono": "02274 - 421119", "direccion": "Av. Pereda N° 440 e/ S. Eduardo y San Martín ", "latitud": null, "longitud": null }, "geometry": null },
{ "type": "Feature", "properties": { "municipio_id": 6140, "municipio_nombre": "Capitán Sarmiento", "localidad": "Capitán Sarmiento", "dependencia": "Estación Policía Comunal Capitán Sarmiento", "telefono": "02478 - 481255", "direccion": "López y Planes N° 586 ", "latitud": -34.1715893, "longitud": -59.7945754 }, "geometry": { "type": "Point", "coordinates": [ -59.7945754, -34.1715893 ] } },
{ "type": "Feature", "properties": { "municipio_id": 6147, "municipio_nombre": "Carlos Casares", "localidad": "Carlos Casares", "dependencia": "Comisaría Carlos Casares", "telefono": "02395 - 452428/ 454522/ 452313", "direccion": "San Martín N° 328 ", "latitud": -35.6211809, "longitud": -61.36676741 }, "geometry": { "type": "Point", "coordinates": [ -61.36676741, -35.6211809 ] } },
{ "type": "Feature", "properties": { "municipio_id": 6154, "municipio_nombre": "Carlos Tejedor", "localidad": "Carlos Tejedor", "dependencia": "Estación Policía Comunal Carlos Tejedor", "telefono": "02357 – 420425/421020", "direccion": "San Martín N° 176 ", "latitud": -35.39309975, "longitud": -62.41855089 }, "geometry": { "type": "Point", "coordinates": [ -62.41855089, -35.39309975 ] } },
{ "type": "Feature", "properties": { "municipio_id": 6154, "municipio_nombre": "Carlos Tejedor", "localidad": "Algarrobos", "dependencia": "Subestación Policía Comunal Tres Algarrobos", "telefono": "03388 – 492971/ 492053", "direccion": "Balviani y R. Balbín ", "latitud": null, "longitud": null }, "geometry": null },
{ "type": "Feature", "properties": { "municipio_id": 6161, "municipio_nombre": "Carmen de Areco", "localidad": "Carmen de Areco", "dependencia": "Estación Policía Comunal Carmen de Areco", "telefono": "02273 – 442338/ 443312", "direccion": "Saavedra N° 727 ", "latitud": -34.3761528, "longitud": -59.8240556 }, "geometry": { "type": "Point", "coordinates": [ -59.8240556, -34.3761528 ] } },
{ "type": "Feature", "properties": { "municipio_id": 6168, "municipio_nombre": "Castelli", "localidad": "Castelli", "dependencia": "Estación Policía Comunal Castelli", "telefono": "02245 - 480113", "direccion": "San Martín y Pellegrini ", "latitud": -36.09350371, "longitud": -57.81255319 }, "geometry": { "type": "Point", "coordinates": [ -57.81255319, -36.09350371 ] } },
{ "type": "Feature", "properties": { "municipio_id": 6210, "municipio_nombre": "Chacabuco", "localidad": "Chacabuco", "dependencia": "Estación Policía Comunal Chacabuco", "telefono": "02352 – 431166/ 431120", "direccion": "San Juan N° 25 ", "latitud": -34.6407136, "longitud": -60.4698286 }, "geometry": { "type": "Point", "coordinates": [ -60.4698286, -34.6407136 ] } },
{ "type": "Feature", "properties": { "municipio_id": 6210, "municipio_nombre": "Chacabuco", "localidad": "Chacabuco", "dependencia": "Subestación Policía Comunal O’Higgins", "telefono": "02364 - 492034", "direccion": "Alvear N° 145 ", "latitud": -34.6264442, "longitud": -60.48628034 }, "geometry": { "type": "Point", "coordinates": [ -60.48628034, -34.6264442 ] } },
{ "type": "Feature", "properties": { "municipio_id": 6210, "municipio_nombre": "Chacabuco", "localidad": "Rawson", "dependencia": "Subestación Policía Comunal Rawson", "telefono": "02352 - 491513", "direccion": "Calle 9 de Julio N° 646 ", "latitud": null, "longitud": null }, "geometry": null },
{ "type": "Feature", "properties": { "municipio_id": 6218, "municipio_nombre": "Chascomús", "localidad": "Chascomús", "dependencia": "Comisaría Chascomús 1°", "telefono": "02241 – 423002/ 422082", "direccion": "Lastra y Sarmiento ", "latitud": null, "longitud": null }, "geometry": null },
{ "type": "Feature", "properties": { "municipio_id": 6224, "municipio_nombre": "Chivilcoy", "localidad": "Moquehua", "dependencia": "Subestación Policía Comunal Moquehua", "telefono": "02346 - 491013", "direccion": "Villarino N° 263 ", "latitud": -35.09437815, "longitud": -59.77405641 }, "geometry": { "type": "Point", "coordinates": [ -59.77405641, -35.09437815 ] } },
{ "type": "Feature", "properties": { "municipio_id": 6224, "municipio_nombre": "Chivilcoy", "localidad": "Chivilcoy", "dependencia": "Subestación Policía Comunal O. I. Garelli", "telefono": "02346 - 428636", "direccion": "Av. Mitre y 110 ", "latitud": -34.90502545, "longitud": -60.0086922 }, "geometry": { "type": "Point", "coordinates": [ -60.0086922, -34.90502545 ] } },
{ "type": "Feature", "properties": { "municipio_id": 6224, "municipio_nombre": "Chivilcoy", "localidad": "Chivilcoy", "dependencia": "Estación Policía Comunal Chivilcoy", "telefono": "02346 – 422016/ 433100/ 430080", "direccion": "Av. B. Irigoyen e/ Av. Urquiza y calle 30 ", "latitud": null, "longitud": null }, "geometry": null },
{ "type": "Feature", "properties": { "municipio_id": 6224, "municipio_nombre": "Chivilcoy", "localidad": "Chivilcoy", "dependencia": "Subestación Policía Comunal Norte", "telefono": "02346 - 424067", "direccion": "Est. Pueyrredón y Humberto 1° ", "latitud": null, "longitud": null }, "geometry": null },
{ "type": "Feature", "properties": { "municipio_id": 6175, "municipio_nombre": "Colón", "localidad": "Colón", "dependencia": "Estación Policía Comunal Colón", "telefono": "02473 - 422222", "direccion": "Calle 51 y 18 ", "latitud": null, "longitud": null }, "geometry": null },
{ "type": "Feature", "properties": { "municipio_id": 6182, "municipio_nombre": "Coronel de Marina Leonardo Rosales", "localidad": "Coronel Rosales", "dependencia": "Estación Policía Comunal Punta Alta", "telefono": "02932 - 421444", "direccion": "Murature N° 572 ", "latitud": -38.86195103, "longitud": -62.07923259 }, "geometry": { "type": "Point", "coordinates": [ -62.07923259, -38.86195103 ] } },
{ "type": "Feature", "properties": { "municipio_id": 6189, "municipio_nombre": "Coronel Dorrego", "localidad": "Oriente", "dependencia": "Subcomisaría Oriente", "telefono": "02983 - 495007/ 495401", "direccion": "España N° 128 ", "latitud": -38.73856015, "longitud": -60.60640294 }, "geometry": { "type": "Point", "coordinates": [ -60.60640294, -38.73856015 ] } },
{ "type": "Feature", "properties": { "municipio_id": 6189, "municipio_nombre": "Coronel Dorrego", "localidad": "Coronel Dorrego", "dependencia": "Comisaría Coronel Dorrego", "telefono": "02921 - 452311", "direccion": "Fuertes N° 544 ", "latitud": -38.71845545, "longitud": -61.2867932 }, "geometry": { "type": "Point", "coordinates": [ -61.2867932, -38.71845545 ] } },
{ "type": "Feature", "properties": { "municipio_id": 6196, "municipio_nombre": "Coronel Pringles", "localidad": "Coronel Pringles", "dependencia": "Estación Policía Comunal Coronel Pringles", "telefono": "02922 - 462061/ 462115/ 465235", "direccion": "Cabrera y Alem N° 498 ", "latitud": -37.984178, "longitud": -61.349266 }, "geometry": { "type": "Point", "coordinates": [ -61.349266, -37.984178 ] } },
{ "type": "Feature", "properties": { "municipio_id": 6203, "municipio_nombre": "Coronel Suárez", "localidad": "San José", "dependencia": "Estación Policía Comunal Coronel Suárez 3°", "telefono": "02926 - 431540", "direccion": "Av. A. de Volga y Pringles ", "latitud": null, "longitud": null }, "geometry": null },
{ "type": "Feature", "properties": { "municipio_id": 6203, "municipio_nombre": "Coronel Suárez", "localidad": "Huanguelén", "dependencia": "Estación Policía Comunal Coronel Suárez 2°", "telefono": "02933 - 432235", "direccion": "Gahan y Calle 10 ", "latitud": null, "longitud": null }, "geometry": null },
{ "type": "Feature", "properties": { "municipio_id": 6203, "municipio_nombre": "Coronel Suárez", "localidad": "Coronel Suárez", "dependencia": "Estación Policía Comunal Coronel Suárez 1°", "telefono": "02926 - 424002", "direccion": "Las Heras y Rivas ", "latitud": null, "longitud": null }, "geometry": null },
{ "type": "Feature", "properties": { "municipio_id": 6231, "municipio_nombre": "Daireaux", "localidad": "Salazar", "dependencia": "Subestación Policía Comunal Salazar", "telefono": "02393 - 492126", "direccion": "Calle 25 de Mayo N° 521 ", "latitud": null, "longitud": null }, "geometry": null },
{ "type": "Feature", "properties": { "municipio_id": 6238, "municipio_nombre": "Dolores", "localidad": "Dolores", "dependencia": "Comisaría Dolores", "telefono": "02245 - 446213/ 446543", "direccion": "Ingeniero Quadri y Alberti ", "latitud": -36.313232, "longitud": -57.679857 }, "geometry": { "type": "Point", "coordinates": [ -57.679857, -36.313232 ] } },
{ "type": "Feature", "properties": { "municipio_id": 6245, "municipio_nombre": "Ensenada", "localidad": "El Dique", "dependencia": "Comisaría Ensenada 3°", "telefono": "0221 - 4231743/ 4245654", "direccion": "Calle 47 y 122 ", "latitud": -34.89756659, "longitud": -57.93637575 }, "geometry": { "type": "Point", "coordinates": [ -57.93637575, -34.89756659 ] } },
{ "type": "Feature", "properties": { "municipio_id": 6245, "municipio_nombre": "Ensenada", "localidad": "Ensenada", "dependencia": "Comisaría Ensenada 1°", "telefono": "0221 – 4691111", "direccion": "Cestino N° 371 ", "latitud": -34.86277955, "longitud": -57.90266009 }, "geometry": { "type": "Point", "coordinates": [ -57.90266009, -34.86277955 ] } },
{ "type": "Feature", "properties": { "municipio_id": 6245, "municipio_nombre": "Ensenada", "localidad": "Punta Lara", "dependencia": "Comisaría Ensenada 2°", "telefono": "0221 – 4661234/ 4662256", "direccion": "Almirante Brown esquina 94 ", "latitud": -34.812855, "longitud": -57.979922 }, "geometry": { "type": "Point", "coordinates": [ -57.979922, -34.812855 ] } },
{ "type": "Feature", "properties": { "municipio_id": 6252, "municipio_nombre": "Escobar", "localidad": "Garín", "dependencia": "Comisaría Escobar 3°", "telefono": "03484 – 471333/ 458801", "direccion": "P. Perna N° 1151 ", "latitud": -34.41507458, "longitud": -58.73322787 }, "geometry": { "type": "Point", "coordinates": [ -58.73322787, -34.41507458 ] } },
{ "type": "Feature", "properties": { "municipio_id": 6252, "municipio_nombre": "Escobar", "localidad": "Maquinista Savio", "dependencia": "Comisaría Escobar 4°", "telefono": "03484 – 481802/ 482311", "direccion": "Beliera N° 36 ", "latitud": -34.40762075, "longitud": -58.77184179 }, "geometry": { "type": "Point", "coordinates": [ -58.77184179, -34.40762075 ] } },
{ "type": "Feature", "properties": { "municipio_id": 6252, "municipio_nombre": "Escobar", "localidad": "Ingeniero Maschwitz", "dependencia": "Comisaría Escobar 2°", "telefono": "03484 - 441014/ 445307", "direccion": "Falucho N° 1346 ", "latitud": -34.3896335, "longitud": -58.737522 }, "geometry": { "type": "Point", "coordinates": [ -58.737522, -34.3896335 ] } },
{ "type": "Feature", "properties": { "municipio_id": 6252, "municipio_nombre": "Escobar", "localidad": "Matheu", "dependencia": "Subcomisaría Matheu (S. O. Galván)", "telefono": "03484 - 460827", "direccion": "Canesi N° 245 ", "latitud": -34.38249425, "longitud": -58.8284335 }, "geometry": { "type": "Point", "coordinates": [ -58.8284335, -34.38249425 ] } },
{ "type": "Feature", "properties": { "municipio_id": 6252, "municipio_nombre": "Escobar", "localidad": "Escobar", "dependencia": "Comisaría Escobar 1°", "telefono": "03484 – 420394", "direccion": "Tapia de Cruz N° 1198 y Alberti ", "latitud": null, "longitud": null }, "geometry": null },
{ "type": "Feature", "properties": { "municipio_id": 6260, "municipio_nombre": "Esteban Echeverría", "localidad": "Monte Grande", "dependencia": "Subcomisaría 25 de Mayo", "telefono": "011 – 42817164/ 42903153", "direccion": "Mariano Alegre N° 712 esquina N. Bruzzone ", "latitud": -34.80673165, "longitud": -58.47244552 }, "geometry": { "type": "Point", "coordinates": [ -58.47244552, -34.80673165 ] } },
{ "type": "Feature", "properties": { "municipio_id": 6260, "municipio_nombre": "Esteban Echeverría", "localidad": "Esteban Echeverría", "dependencia": "Comisaría Esteban Echeverría 5°", "telefono": "011 – 42955147/ 42327862", "direccion": "Barberena y Dr. Rotta ", "latitud": null, "longitud": null }, "geometry": null },
{ "type": "Feature", "properties": { "municipio_id": 6260, "municipio_nombre": "Esteban Echeverría", "localidad": "V. Transradio", "dependencia": "Comisaría Esteban Echeverría 3°", "telefono": "011 - 46931010/ 46933677", "direccion": "Camino de Cintura y Colón N° 6098 ", "latitud": null, "longitud": null }, "geometry": null },
{ "type": "Feature", "properties": { "municipio_id": 6260, "municipio_nombre": "Esteban Echeverría", "localidad": "Canning", "dependencia": "Comisaría Esteban Echeverría 4°", "telefono": "011 – 42321794/ 42327500", "direccion": "M. Castex y Lago Mascardi ", "latitud": null, "longitud": null }, "geometry": null },
{ "type": "Feature", "properties": { "municipio_id": 6260, "municipio_nombre": "Esteban Echeverría", "localidad": "Monte Grande", "dependencia": "Comisaría Esteban Echeverría 1°", "telefono": "011 - 42900123/ 42968283", "direccion": "Santa Marina N° 474 ", "latitud": null, "longitud": null }, "geometry": null },
{ "type": "Feature", "properties": { "municipio_id": 6260, "municipio_nombre": "Esteban Echeverría", "localidad": "Luis Guillón", "dependencia": "Comisaría Esteban Echeverría 2°", "telefono": "011 - 42903376/ 42900573/ 42967170", "direccion": "Teniente Rettes N° 1550 ", "latitud": null, "longitud": null }, "geometry": null },
{ "type": "Feature", "properties": { "municipio_id": 6266, "municipio_nombre": "Exaltación de la Cruz", "localidad": "Los Cardales", "dependencia": "Subestación Policía Comunal Los Cardales", "telefono": "02322 - 492219", "direccion": "Mitre N° 87 ", "latitud": -34.3297776, "longitud": -58.9853477 }, "geometry": { "type": "Point", "coordinates": [ -58.9853477, -34.3297776 ] } },
{ "type": "Feature", "properties": { "municipio_id": 6266, "municipio_nombre": "Exaltación de la Cruz", "localidad": "Exaltación de la Cruz", "dependencia": "Estación Policía Comunal Exaltación de la Cruz", "telefono": "02323 - 491929/ 491333", "direccion": "Pedro Fahy N° 475 ", "latitud": null, "longitud": null }, "geometry": null },
{ "type": "Feature", "properties": { "municipio_id": 6270, "municipio_nombre": "Ezeiza", "localidad": "Tristán Suárez", "dependencia": "Comisaría Ezeiza 2°", "telefono": "011 - 43860347", "direccion": "Erratchu N° 199 ", "latitud": -34.90164708, "longitud": -58.56258165 }, "geometry": { "type": "Point", "coordinates": [ -58.56258165, -34.90164708 ] } },
{ "type": "Feature", "properties": { "municipio_id": 6270, "municipio_nombre": "Ezeiza", "localidad": "Canning", "dependencia": "Comisaría Ezeiza 6°", "telefono": "011 - 20082580", "direccion": "H. Barreiro esquina L. Dellepiane ", "latitud": -34.87678511, "longitud": -58.50987695 }, "geometry": { "type": "Point", "coordinates": [ -58.50987695, -34.87678511 ] } },
{ "type": "Feature", "properties": { "municipio_id": 6270, "municipio_nombre": "Ezeiza", "localidad": "Barrio La Unión", "dependencia": "Comisaría Ezeiza 5°", "telefono": "011 - 43980777", "direccion": "Argerich N° 388 ", "latitud": -34.87053476, "longitud": -58.53106918 }, "geometry": { "type": "Point", "coordinates": [ -58.53106918, -34.87053476 ] } },
{ "type": "Feature", "properties": { "municipio_id": 6270, "municipio_nombre": "Ezeiza", "localidad": "Tristán Suárez", "dependencia": "Subcomisaría Cuatro Bocas", "telefono": "011 - 42343567", "direccion": "Blas Parera y Camino Real ", "latitud": -34.86256448, "longitud": -58.59480737 }, "geometry": { "type": "Point", "coordinates": [ -58.59480737, -34.86256448 ] } },
{ "type": "Feature", "properties": { "municipio_id": 6270, "municipio_nombre": "Ezeiza", "localidad": "Ezeiza", "dependencia": "Comisaría Ezeiza 1°", "telefono": "011 - 42950675", "direccion": "P. Mafalda N° 255 ", "latitud": -34.85471555, "longitud": -58.52799632 }, "geometry": { "type": "Point", "coordinates": [ -58.52799632, -34.85471555 ] } },
{ "type": "Feature", "properties": { "municipio_id": 6270, "municipio_nombre": "Ezeiza", "localidad": "Barrio Uno", "dependencia": "Comisaría Ezeiza 4°", "telefono": "011 - 44800371", "direccion": "Lugones y Guido Spano ", "latitud": -34.787788, "longitud": -58.522784 }, "geometry": { "type": "Point", "coordinates": [ -58.522784, -34.787788 ] } },
{ "type": "Feature", "properties": { "municipio_id": 6270, "municipio_nombre": "Ezeiza", "localidad": "Tristán Suárez", "dependencia": "Subcomisaría Villa del Pinar", "telefono": "No posee", "direccion": "Carlos Tejedor y Marcos Sastre ", "latitud": null, "longitud": null }, "geometry": null },
{ "type": "Feature", "properties": { "municipio_id": 6270, "municipio_nombre": "Ezeiza", "localidad": "Carlos Spegazzini", "dependencia": "Comisaría Ezeiza 3°", "telefono": "02274 – 421153/ 430117", "direccion": "Lavalle y Solís ", "latitud": null, "longitud": null }, "geometry": null },
{ "type": "Feature", "properties": { "municipio_id": 6274, "municipio_nombre": "Florencio Varela", "localidad": "La Capilla", "dependencia": "Comisaría Florencio Varela 5°", "telefono": "02225 - 498097/ 498304", "direccion": "Ruta 53 y Figueroa Alcorta ", "latitud": -34.920996, "longitud": -58.266732 }, "geometry": { "type": "Point", "coordinates": [ -58.266732, -34.920996 ] } },
{ "type": "Feature", "properties": { "municipio_id": 6274, "municipio_nombre": "Florencio Varela", "localidad": "Ingeniero Alan", "dependencia": "Comisaría Florencio Varela 6°", "telefono": "02229 - 493449", "direccion": "Avda. La Carolina y Huanacache ", "latitud": -34.868592, "longitud": -58.188844 }, "geometry": { "type": "Point", "coordinates": [ -58.188844, -34.868592 ] } },
{ "type": "Feature", "properties": { "municipio_id": 6274, "municipio_nombre": "Florencio Varela", "localidad": "Bosques", "dependencia": "Comisaría Florencio Varela 4°", "telefono": "011 - 42210500/42214122", "direccion": "Av. Luján y Diagonal Los Poetas Ricardo Rojas N° 351 ", "latitud": -34.825827, "longitud": -58.226658 }, "geometry": { "type": "Point", "coordinates": [ -58.226658, -34.825827 ] } },
{ "type": "Feature", "properties": { "municipio_id": 6274, "municipio_nombre": "Florencio Varela", "localidad": "Florencio Varela", "dependencia": "Comisaría Florencio Varela 3°", "telefono": "011 - 42553855/ 42371084", "direccion": "Sansabello N° 1750 ", "latitud": -34.789852, "longitud": -58.262319 }, "geometry": { "type": "Point", "coordinates": [ -58.262319, -34.789852 ] } },
{ "type": "Feature", "properties": { "municipio_id": 6274, "municipio_nombre": "Florencio Varela", "localidad": "Florencio Varela", "dependencia": "Comisaría Florencio Varela 2°", "telefono": "011 - 42552686/ 42371469", "direccion": "Martín Fierro N° 1550 ", "latitud": -34.7791713, "longitud": -58.2722245 }, "geometry": { "type": "Point", "coordinates": [ -58.2722245, -34.7791713 ] } },
{ "type": "Feature", "properties": { "municipio_id": 6274, "municipio_nombre": "Florencio Varela", "localidad": "Florencio Varela", "dependencia": "Comisaría Florencio Varela 1°", "telefono": "011 - 42551412/ 42550444", "direccion": "Av. San Martín N° 425 ", "latitud": -34.77538139, "longitud": -58.28127818 }, "geometry": { "type": "Point", "coordinates": [ -58.28127818, -34.77538139 ] } },
{ "type": "Feature", "properties": { "municipio_id": 6277, "municipio_nombre": "Florentino Ameghino", "localidad": "Florentino Ameghino", "dependencia": "Estación Policía Comunal Ameghino", "telefono": "03388 - 471002", "direccion": "Calle 7 esquina 30 ", "latitud": null, "longitud": null }, "geometry": null },
{ "type": "Feature", "properties": { "municipio_id": 6280, "municipio_nombre": "General Alvarado", "localidad": "General Alvarado", "dependencia": "Estación Policía Comunal General Alvarado", "telefono": "02291 - 421548/ 420613", "direccion": "Mitre N° 1137 ", "latitud": -38.27265304, "longitud": -57.83957004 }, "geometry": { "type": "Point", "coordinates": [ -57.83957004, -38.27265304 ] } },
{ "type": "Feature", "properties": { "municipio_id": 6280, "municipio_nombre": "General Alvarado", "localidad": "Mechongué", "dependencia": "Subestación Policía Comunal Mechongué", "telefono": "02266 - 493263", "direccion": "Hipólito Irigoyen S/N y Miramar ", "latitud": null, "longitud": null }, "geometry": null },
{ "type": "Feature", "properties": { "municipio_id": 6280, "municipio_nombre": "General Alvarado", "localidad": "Otamendi", "dependencia": "Subestación Policía Comunal Otamendi", "telefono": "02291 - 480013", "direccion": "Rivadavia y San Martín ", "latitud": null, "longitud": null }, "geometry": null },
{ "type": "Feature", "properties": { "municipio_id": 6287, "municipio_nombre": "General Alvear", "localidad": "General Alvear", "dependencia": "Estación Policía Comunal General", "telefono": "02344 - 481500/ 01", "direccion": "San Martín N° 935 ", "latitud": null, "longitud": null }, "geometry": null },
{ "type": "Feature", "properties": { "municipio_id": 6294, "municipio_nombre": "General Arenales", "localidad": "General Arenales", "dependencia": "Subestación Policía Comunal Ferré", "telefono": "02353 – 498113/ 498103", "direccion": "Buenos Aires N° 157 ", "latitud": -34.3037291, "longitud": -61.3062916 }, "geometry": { "type": "Point", "coordinates": [ -61.3062916, -34.3037291 ] } },
{ "type": "Feature", "properties": { "municipio_id": 6294, "municipio_nombre": "General Arenales", "localidad": "Ascensión", "dependencia": "Subestación Policía Comunal Ascensión", "telefono": "02353 - 496013/ 495222", "direccion": "Libertad N° 26 ", "latitud": -34.2318263, "longitud": -61.1039576 }, "geometry": { "type": "Point", "coordinates": [ -61.1039576, -34.2318263 ] } },
{ "type": "Feature", "properties": { "municipio_id": 6294, "municipio_nombre": "General Arenales", "localidad": "Arribeños", "dependencia": "Subestación Policía Comunal Arribeños", "telefono": "02353 - 497013", "direccion": "Sarmiento N° 40 ", "latitud": -34.20812674, "longitud": -61.35836115 }, "geometry": { "type": "Point", "coordinates": [ -61.35836115, -34.20812674 ] } },
{ "type": "Feature", "properties": { "municipio_id": 6294, "municipio_nombre": "General Arenales", "localidad": "General Arenales", "dependencia": "Estación Policía Comunal General Arenales", "telefono": "02353 - 460213/ 461130/ 460062", "direccion": "Calle 9 de Julio N° 90 ", "latitud": null, "longitud": null }, "geometry": null },
{ "type": "Feature", "properties": { "municipio_id": 6301, "municipio_nombre": "General Belgrano", "localidad": "General Belgrano", "dependencia": "Estación Policía Comunal General Belgrano", "telefono": "02243 - 452291/452113", "direccion": "Rivadavia N° 526 ", "latitud": null, "longitud": null }, "geometry": null },
{ "type": "Feature", "properties": { "municipio_id": 6308, "municipio_nombre": "General Guido", "localidad": "General Guido", "dependencia": "Comisaría General Guido", "telefono": "02268 - 491019", "direccion": "Belgrano y Anselmo Cepeda ", "latitud": null, "longitud": null }, "geometry": null },
{ "type": "Feature", "properties": { "municipio_id": 6315, "municipio_nombre": "General Juan Madariaga", "localidad": "General Madariaga", "dependencia": "Estación Policía Comunal General Madariaga", "telefono": "02267 - 424313/ 420548", "direccion": "Hipólito Irigoyen N° 528 ", "latitud": null, "longitud": null }, "geometry": null },
{ "type": "Feature", "properties": { "municipio_id": 6315, "municipio_nombre": "General Juan Madariaga", "localidad": "Paraje Macedo", "dependencia": "Subestación Policía Comunal Paraje Macedo", "telefono": "No posee", "direccion": "Planta Urbana ", "latitud": null, "longitud": null }, "geometry": null },
{ "type": "Feature", "properties": { "municipio_id": 6322, "municipio_nombre": "General La Madrid", "localidad": "General La Madrid", "dependencia": "Estación Policía Comunal General La Madrid", "telefono": "02286 - 420101/ 420081", "direccion": "Sarmiento N° 321 ", "latitud": -37.25037875, "longitud": -61.26350339 }, "geometry": { "type": "Point", "coordinates": [ -61.26350339, -37.25037875 ] } },
{ "type": "Feature", "properties": { "municipio_id": 6329, "municipio_nombre": "General Las Heras", "localidad": "General Las Heras", "dependencia": "Estación Policía Comunal General Las Heras", "telefono": "0220 - 4761111/ 2115", "direccion": "Las Heras N° 1051 ", "latitud": -34.9280308, "longitud": -58.9445391 }, "geometry": { "type": "Point", "coordinates": [ -58.9445391, -34.9280308 ] } },
{ "type": "Feature", "properties": { "municipio_id": 6336, "municipio_nombre": "General Lavalle", "localidad": "General Lavalle", "dependencia": "Estación Policía Comunal General Lavalle", "telefono": "02252 – 491099", "direccion": "Barrio Mitre N° 946 ", "latitud": null, "longitud": null }, "geometry": null },
{ "type": "Feature", "properties": { "municipio_id": 6343, "municipio_nombre": "General Paz", "localidad": "Ranchos", "dependencia": "Estación Policía Comunal General Paz (Ranchos)", "telefono": "02241 - 481004/ 134", "direccion": "Av. Campomar N° 2944 ", "latitud": -35.5167207, "longitud": -58.3153966 }, "geometry": { "type": "Point", "coordinates": [ -58.3153966, -35.5167207 ] } },
{ "type": "Feature", "properties": { "municipio_id": 6351, "municipio_nombre": "General Pinto", "localidad": "General Pinto", "dependencia": "Subestación Policía Comunal Coronel Granada", "telefono": "02356 - 495017", "direccion": "Güemes S/N ", "latitud": -34.78974217, "longitud": -62.1995403 }, "geometry": { "type": "Point", "coordinates": [ -62.1995403, -34.78974217 ] } },
{ "type": "Feature", "properties": { "municipio_id": 6351, "municipio_nombre": "General Pinto", "localidad": "General Pinto", "dependencia": "Estación Policía Comunal General Pinto", "telefono": "02356 - 420013", "direccion": "Mitre N° 402 ", "latitud": -34.7657402, "longitud": -61.8912786 }, "geometry": { "type": "Point", "coordinates": [ -61.8912786, -34.7657402 ] } },
{ "type": "Feature", "properties": { "municipio_id": 6357, "municipio_nombre": "General Pueyrredón", "localidad": "Playa Serena", "dependencia": "Comisaría Mar del Plata 13°", "telefono": "0223 - 4672555", "direccion": "Calle 445 y 8 ", "latitud": -38.10124027, "longitud": -57.58705102 }, "geometry": { "type": "Point", "coordinates": [ -57.58705102, -38.10124027 ] } },
{ "type": "Feature", "properties": { "municipio_id": 6357, "municipio_nombre": "General Pueyrredón", "localidad": "Mar del Plata", "dependencia": "Comisaría Mar del Plata 5°", "telefono": "0223 - 4842578/ 0328", "direccion": "Puan N° 2251 ", "latitud": -38.0619322, "longitud": -57.55196337 }, "geometry": { "type": "Point", "coordinates": [ -57.55196337, -38.0619322 ] } },
{ "type": "Feature", "properties": { "municipio_id": 6357, "municipio_nombre": "General Pueyrredón", "localidad": "Mar del Plata", "dependencia": "Comisaría Mar del Plata 3°", "telefono": "0223 - 4802620/ 2722", "direccion": "Padre Dutto N° 535 ", "latitud": -38.0403565, "longitud": -57.55218561 }, "geometry": { "type": "Point", "coordinates": [ -57.55218561, -38.0403565 ] } },
{ "type": "Feature", "properties": { "municipio_id": 6357, "municipio_nombre": "General Pueyrredón", "localidad": "Mar del Plata", "dependencia": "Comisaría Mar del Plata 9°", "telefono": "0223 - 4513447/ 0802", "direccion": "Almafuerte N° 752 ", "latitud": -38.02727755, "longitud": -57.5433216 }, "geometry": { "type": "Point", "coordinates": [ -57.5433216, -38.02727755 ] } },
{ "type": "Feature", "properties": { "municipio_id": 6357, "municipio_nombre": "General Pueyrredón", "localidad": "Mar del Plata", "dependencia": "Subcomisaría Parque Hermoso", "telefono": "0223 - 4651288", "direccion": "Calle 190 esquina 69 ", "latitud": -38.023041, "longitud": -57.626165 }, "geometry": { "type": "Point", "coordinates": [ -57.626165, -38.023041 ] } },
{ "type": "Feature", "properties": { "municipio_id": 6357, "municipio_nombre": "General Pueyrredón", "localidad": "Mar del Plata", "dependencia": "Comisaría Mar del Plata 16°", "telefono": "0223 - 4811602", "direccion": "Camuzzo N° 1167 ", "latitud": -38.020465, "longitud": -57.596344 }, "geometry": { "type": "Point", "coordinates": [ -57.596344, -38.020465 ] } },
{ "type": "Feature", "properties": { "municipio_id": 6357, "municipio_nombre": "General Pueyrredón", "localidad": "Mar del Plata", "dependencia": "Comisaría Mar del Plata 2°", "telefono": "0223 – 4949851/ 4911766", "direccion": "Castelli N° 2024 ", "latitud": -38.01202125, "longitud": -57.54936436 }, "geometry": { "type": "Point", "coordinates": [ -57.54936436, -38.01202125 ] } },
{ "type": "Feature", "properties": { "municipio_id": 6357, "municipio_nombre": "General Pueyrredón", "localidad": "Batán", "dependencia": "Comisaría Mar del Plata 8°", "telefono": "0223 – 4642244/ 3850", "direccion": "Ruta 88 Km 10 ", "latitud": -38.00794345, "longitud": -57.7154315 }, "geometry": { "type": "Point", "coordinates": [ -57.7154315, -38.00794345 ] } },
{ "type": "Feature", "properties": { "municipio_id": 6357, "municipio_nombre": "General Pueyrredón", "localidad": "Mar del Plata", "dependencia": "Subcomisaría Casino", "telefono": "0223 - 4920027", "direccion": "Boulevard Marítimo y Las Heras ", "latitud": -38.006499, "longitud": -57.54166 }, "geometry": { "type": "Point", "coordinates": [ -57.54166, -38.006499 ] } },
{ "type": "Feature", "properties": { "municipio_id": 6357, "municipio_nombre": "General Pueyrredón", "localidad": "Mar del Plata", "dependencia": "Comisaría Mar del Plata 1°", "telefono": "0223 – 4949880/ 4949850", "direccion": "Av. Independencia N° 1751 ", "latitud": -37.9965268, "longitud": -57.5533814 }, "geometry": { "type": "Point", "coordinates": [ -57.5533814, -37.9965268 ] } },
{ "type": "Feature", "properties": { "municipio_id": 6357, "municipio_nombre": "General Pueyrredón", "localidad": "Mar del Plata", "dependencia": "Comisaría Mar del Plata 11°", "telefono": "0223 - 4652549", "direccion": "Carlos Gardel y Ortiz de Zárate ", "latitud": -37.996425, "longitud": -57.614839 }, "geometry": { "type": "Point", "coordinates": [ -57.614839, -37.996425 ] } },
{ "type": "Feature", "properties": { "municipio_id": 6357, "municipio_nombre": "General Pueyrredón", "localidad": "Mar del Plata", "dependencia": "Comisaría Mar del Plata 4°", "telefono": "0223 -  4759357/ 4291", "direccion": "Chile y Alberti ", "latitud": -37.992482, "longitud": -57.581191 }, "geometry": { "type": "Point", "coordinates": [ -57.581191, -37.992482 ] } },
{ "type": "Feature", "properties": { "municipio_id": 6357, "municipio_nombre": "General Pueyrredón", "localidad": "Mar del Plata", "dependencia": "Comisaría Mar del Plata 6°", "telefono": "0223 - 4775044/ 4701168", "direccion": "República del Líbano N° 1130 ", "latitud": -37.97413695, "longitud": -57.58419061 }, "geometry": { "type": "Point", "coordinates": [ -57.58419061, -37.97413695 ] } },
{ "type": "Feature", "properties": { "municipio_id": 6357, "municipio_nombre": "General Pueyrredón", "localidad": "Mar del Plata", "dependencia": "Comisaría Mar del Plata 12°", "telefono": "0223 - 4875513", "direccion": "Bolívar y O. Leguizamón N° 9002 ", "latitud": -37.970132, "longitud": -57.613809 }, "geometry": { "type": "Point", "coordinates": [ -57.613809, -37.970132 ] } },
{ "type": "Feature", "properties": { "municipio_id": 6357, "municipio_nombre": "General Pueyrredón", "localidad": "Mar del Plata", "dependencia": "Comisaría Mar del Plata 7°", "telefono": "0223 - 4791316/  5332", "direccion": "Joaquín V. González y Acevedo ", "latitud": -37.954609, "longitud": -57.561557 }, "geometry": { "type": "Point", "coordinates": [ -57.561557, -37.954609 ] } },
{ "type": "Feature", "properties": { "municipio_id": 6357, "municipio_nombre": "General Pueyrredón", "localidad": "Sierra de los Padres", "dependencia": "Comisaría Mar del Plata 14°", "telefono": "0223 - 4630113", "direccion": "Ruta Nacional 226 Km 17 ", "latitud": -37.95353355, "longitud": -57.6366738 }, "geometry": { "type": "Point", "coordinates": [ -57.6366738, -37.95353355 ] } },
{ "type": "Feature", "properties": { "municipio_id": 6357, "municipio_nombre": "General Pueyrredón", "localidad": "Mar del Plata", "dependencia": "Subcomisaría Camet", "telefono": "0223 - 4600102", "direccion": "Moyano N° 1550 ", "latitud": -37.88958965, "longitud": -57.60262575 }, "geometry": { "type": "Point", "coordinates": [ -57.60262575, -37.88958965 ] } },
{ "type": "Feature", "properties": { "municipio_id": 6357, "municipio_nombre": "General Pueyrredón", "localidad": "Mar del Plata", "dependencia": "Comisaría Mar del Plata 15°", "telefono": "0223 - 4715225/ 5226", "direccion": "Parodi esquina Soledad ", "latitud": null, "longitud": null }, "geometry": null },
{ "type": "Feature", "properties": { "municipio_id": 6364, "municipio_nombre": "General Rodríguez", "localidad": "General Rodríguez", "dependencia": "Comisaría General Rodríguez 1°", "telefono": "0237 - 4840000/ 4843398/ 4850162", "direccion": "España y 2 de Abril ", "latitud": null, "longitud": null }, "geometry": null },
{ "type": "Feature", "properties": { "municipio_id": 6364, "municipio_nombre": "General Rodríguez", "localidad": "Las Malvinas", "dependencia": "Comisaría General Rodríguez 2°", "telefono": "0237 - 4852677/ 4841521", "direccion": "Almafuerte y Sargento Cabral ", "latitud": null, "longitud": null }, "geometry": null },
{ "type": "Feature", "properties": { "municipio_id": 6371, "municipio_nombre": "General San Martín", "localidad": "Villa Lynch", "dependencia": "Comisaría San Martín 3°", "telefono": "011 – 45126093/ 88/ 6705", "direccion": "Guido Spano N° 223 ", "latitud": -34.5888621, "longitud": -58.5204939 }, "geometry": { "type": "Point", "coordinates": [ -58.5204939, -34.5888621 ] } },
{ "type": "Feature", "properties": { "municipio_id": 6371, "municipio_nombre": "General San Martín", "localidad": "San Martín", "dependencia": "Comisaría San Martín 1°", "telefono": "011 - 45126086/ 6055/ 6706/ 6707", "direccion": "Ricardo Balbín N° 2055 ", "latitud": -34.58065759, "longitud": -58.54197612 }, "geometry": { "type": "Point", "coordinates": [ -58.54197612, -34.58065759 ] } },
{ "type": "Feature", "properties": { "municipio_id": 6371, "municipio_nombre": "General San Martín", "localidad": "Billinghurst", "dependencia": "Comisaría San Martín 5°", "telefono": "011 - 45127893/ 91/ 92", "direccion": "Moreno N° 645 ", "latitud": -34.5668247, "longitud": -58.5605668 }, "geometry": { "type": "Point", "coordinates": [ -58.5605668, -34.5668247 ] } },
{ "type": "Feature", "properties": { "municipio_id": 6371, "municipio_nombre": "General San Martín", "localidad": "Villa Ballester Oeste", "dependencia": "Comisaría San Martín 9°", "telefono": "011 – 45125558/ 57/ 59", "direccion": "Industria N° 3300 ", "latitud": -34.5589232, "longitud": -58.55364298 }, "geometry": { "type": "Point", "coordinates": [ -58.55364298, -34.5589232 ] } },
{ "type": "Feature", "properties": { "municipio_id": 6371, "municipio_nombre": "General San Martín", "localidad": "Villa Concepción", "dependencia": "Comisaría San Martín 8°", "telefono": "011 - 45126701/ 6091", "direccion": "Calle 4 de Febrero y Campos ", "latitud": null, "longitud": null }, "geometry": null },
{ "type": "Feature", "properties": { "municipio_id": 6371, "municipio_nombre": "General San Martín", "localidad": "San Martín", "dependencia": "Comisaría San Martín 4°", "telefono": "011 - 45801155/ 1156", "direccion": "Av. Márquez N° 400", "latitud": null, "longitud": null }, "geometry": null },
{ "type": "Feature", "properties": { "municipio_id": 6371, "municipio_nombre": "General San Martín", "localidad": "José León Suárez", "dependencia": "Subcomisaría José León Suárez", "telefono": "011 - 45801061", "direccion": "Av. Márquez y San Ramón ", "latitud": null, "longitud": null }, "geometry": null },
{ "type": "Feature", "properties": { "municipio_id": 6371, "municipio_nombre": "General San Martín", "localidad": "Villa Ballester", "dependencia": "Comisaría San Martín 2°", "telefono": "011 - 45125545/ 46/ 49", "direccion": "Bvar. Ballester N° 140 ", "latitud": null, "longitud": null }, "geometry": null },
{ "type": "Feature", "properties": { "municipio_id": 6371, "municipio_nombre": "General San Martín", "localidad": "José León Suárez", "dependencia": "Comisaría San Martín 10°", "telefono": "No posee", "direccion": "Debenedetti y Camino del Buen Ayre ", "latitud": null, "longitud": null }, "geometry": null },
{ "type": "Feature", "properties": { "municipio_id": 6371, "municipio_nombre": "General San Martín", "localidad": "Villa Maipú", "dependencia": "Comisaría San Martín 6°", "telefono": "011 - 45126084/ 6776", "direccion": "Lavalle y Matheu ", "latitud": null, "longitud": null }, "geometry": null },
{ "type": "Feature", "properties": { "municipio_id": 6385, "municipio_nombre": "General Viamonte", "localidad": "Los Toldos", "dependencia": "Estación Policía Comunal General Viamonte", "telefono": "02358 - 442202/ 442639", "direccion": "Italia N° 802 ", "latitud": -35.0018533, "longitud": -61.0389705 }, "geometry": { "type": "Point", "coordinates": [ -61.0389705, -35.0018533 ] } },
{ "type": "Feature", "properties": { "municipio_id": 6392, "municipio_nombre": "General Villegas", "localidad": "General Villegas", "dependencia": "Estación Policía Comunal General Villegas", "telefono": "03388 - 421015/ 4211994/ 423826", "direccion": "Moreno N° 728 ", "latitud": null, "longitud": null }, "geometry": null },
{ "type": "Feature", "properties": { "municipio_id": 6399, "municipio_nombre": "Guaminí", "localidad": "Guaminí", "dependencia": "Estación Policía Comunal Guaminí 1°", "telefono": "02929 - 432014/ 430148", "direccion": "Roca N° 480 ", "latitud": -36.8053294, "longitud": -62.25211869 }, "geometry": { "type": "Point", "coordinates": [ -62.25211869, -36.8053294 ] } },
{ "type": "Feature", "properties": { "municipio_id": 6399, "municipio_nombre": "Guaminí", "localidad": "Casbas", "dependencia": "Estación Policía Comunal Guaminí 2°", "telefono": "02929 - 480013/ 480512", "direccion": "San Martín N° 147 ", "latitud": -36.76037107, "longitud": -62.50682 }, "geometry": { "type": "Point", "coordinates": [ -62.50682, -36.76037107 ] } },
{ "type": "Feature", "properties": { "municipio_id": 6406, "municipio_nombre": "Hipólito Yrigoyen", "localidad": "Henderson", "dependencia": "Estación Policía Comunal Hipólito Yrigoyen (Henderson)", "telefono": "02314 – 452137/ 452055", "direccion": "España N° 639 ", "latitud": -36.2976528, "longitud": -61.7161455 }, "geometry": { "type": "Point", "coordinates": [ -61.7161455, -36.2976528 ] } },
{ "type": "Feature", "properties": { "municipio_id": 6408, "municipio_nombre": "Hurlingham", "localidad": "Villa Tesei", "dependencia": "Comisaría Hurlingham 2°", "telefono": "011 - 44591910/ 44596142/ 44505192", "direccion": "Vergara N° 2350 ", "latitud": -34.6147614, "longitud": -58.6345361 }, "geometry": { "type": "Point", "coordinates": [ -58.6345361, -34.6147614 ] } },
{ "type": "Feature", "properties": { "municipio_id": 6408, "municipio_nombre": "Hurlingham", "localidad": "Hurlingham", "dependencia": "Comisaría Hurlingham 1° (Centro)", "telefono": "011 - 46623333/ 44528370", "direccion": "Victoria N° 1321 ", "latitud": -34.5836184, "longitud": -58.6417434 }, "geometry": { "type": "Point", "coordinates": [ -58.6417434, -34.5836184 ] } },
{ "type": "Feature", "properties": { "municipio_id": 6408, "municipio_nombre": "Hurlingham", "localidad": "William C. Morris", "dependencia": "Comisaría Hurlingham 3°", "telefono": "011 - 46658402", "direccion": "Potosí N° 3490 ", "latitud": -34.578597, "longitud": -58.6586293 }, "geometry": { "type": "Point", "coordinates": [ -58.6586293, -34.578597 ] } },
{ "type": "Feature", "properties": { "municipio_id": 6408, "municipio_nombre": "Hurlingham", "localidad": "Villa Tesei", "dependencia": "Comisaría Hurlingham 4° (V. Mitre)", "telefono": "011 - 44598286/  8226", "direccion": "Langara y Lebensohn ", "latitud": null, "longitud": null }, "geometry": null },
{ "type": "Feature", "properties": { "municipio_id": 6410, "municipio_nombre": "Ituzaingó", "localidad": "Ituzaingó", "dependencia": "Comisaría Ituzaingó 1°", "telefono": "011 - 46230795/0842", "direccion": "Olazábal N° 899 ", "latitud": -34.6572843, "longitud": -58.6682795 }, "geometry": { "type": "Point", "coordinates": [ -58.6682795, -34.6572843 ] } },
{ "type": "Feature", "properties": { "municipio_id": 6410, "municipio_nombre": "Ituzaingó", "localidad": "Villa Ariza", "dependencia": "Comisaría Ituzaingó 2°", "telefono": "011 - 46244941/ 46234423", "direccion": "Lavalleja N° 750 ", "latitud": -34.64126055, "longitud": -58.66814292 }, "geometry": { "type": "Point", "coordinates": [ -58.66814292, -34.64126055 ] } },
{ "type": "Feature", "properties": { "municipio_id": 6410, "municipio_nombre": "Ituzaingó", "localidad": "Ituzaingó", "dependencia": "Comisaría Ituzaingó 4°", "telefono": "011 - 46210006/ 44813299", "direccion": "Pringles N° 2700 y Portugal", "latitud": null, "longitud": null }, "geometry": null },
{ "type": "Feature", "properties": { "municipio_id": 6410, "municipio_nombre": "Ituzaingó", "localidad": "Las Cabañas", "dependencia": "Comisaría Ituzaingó 3°", "telefono": "011 - 46210444/ 3030", "direccion": "Udaondo N° 2550 y La Vidalita ", "latitud": null, "longitud": null }, "geometry": null },
{ "type": "Feature", "properties": { "municipio_id": 6412, "municipio_nombre": "José C. Paz", "localidad": "José C. Paz", "dependencia": "Comisaría José C. Paz 1°", "telefono": "02320 - 422211/ 422583", "direccion": "Altube y R. S. Peña N° 2055 ", "latitud": null, "longitud": null }, "geometry": null },
{ "type": "Feature", "properties": { "municipio_id": 6412, "municipio_nombre": "José C. Paz", "localidad": "José C. Paz", "dependencia": "Comisaría José C. Paz 3°", "telefono": "02320 – 421917/ 922", "direccion": "Potosí y Salvatori ", "latitud": null, "longitud": null }, "geometry": null },
{ "type": "Feature", "properties": { "municipio_id": 6412, "municipio_nombre": "José C. Paz", "localidad": "Barrio Frino", "dependencia": "Comisaría José C. Paz 2°", "telefono": "02320 - 466661/ 465313", "direccion": "Ugarteche y Chacabuco ", "latitud": null, "longitud": null }, "geometry": null },
{ "type": "Feature", "properties": { "municipio_id": 6413, "municipio_nombre": "Junín", "localidad": "Junín", "dependencia": "Comisaría Junín 1°", "telefono": "0236 – 4443344/ 4440176", "direccion": "Gandini N° 165 ", "latitud": -34.59111696, "longitud": -60.94321963 }, "geometry": { "type": "Point", "coordinates": [ -60.94321963, -34.59111696 ] } },
{ "type": "Feature", "properties": { "municipio_id": 6413, "municipio_nombre": "Junín", "localidad": "Villa Belgrano", "dependencia": "Comisaría Junín 2°", "telefono": "0236 – 4422636/ 4447281", "direccion": "Dorrego y Siria ", "latitud": null, "longitud": null }, "geometry": null },
{ "type": "Feature", "properties": { "municipio_id": 6420, "municipio_nombre": "La Costa", "localidad": "Mar de Ajó", "dependencia": "Subcomisaría Nueva Atlantis", "telefono": "No posee", "direccion": "Roldán y Diagonal Ayacucho ", "latitud": -36.76381227, "longitud": -56.68775415 }, "geometry": { "type": "Point", "coordinates": [ -56.68775415, -36.76381227 ] } },
{ "type": "Feature", "properties": { "municipio_id": 6420, "municipio_nombre": "La Costa", "localidad": "Mar de Ajó", "dependencia": "Comisaría de la Costa 2°", "telefono": "02257 – 420538/ 421013", "direccion": "Libertador N° 601 y Mitre ", "latitud": -36.721324, "longitud": -56.681043 }, "geometry": { "type": "Point", "coordinates": [ -56.681043, -36.721324 ] } },
{ "type": "Feature", "properties": { "municipio_id": 6420, "municipio_nombre": "La Costa", "localidad": "San Bernardo", "dependencia": "Comisaría de la Costa 4°", "telefono": "02257 - 460200/ 464308", "direccion": "Esquiú e/ Catamarca y Mitre ", "latitud": -36.69472696, "longitud": -56.67943002 }, "geometry": { "type": "Point", "coordinates": [ -56.67943002, -36.69472696 ] } },
{ "type": "Feature", "properties": { "municipio_id": 6420, "municipio_nombre": "La Costa", "localidad": "Costa del Este", "dependencia": "Subcomisaría Costa del Este", "telefono": "02246 - 434303", "direccion": "Los Alelíes e/ 1 y 2 ", "latitud": -36.60555646, "longitud": -56.70006218 }, "geometry": { "type": "Point", "coordinates": [ -56.70006218, -36.60555646 ] } },
{ "type": "Feature", "properties": { "municipio_id": 6420, "municipio_nombre": "La Costa", "localidad": "Mar del Tuyú", "dependencia": "Comisaría de la Costa 5°", "telefono": "02246 – 434600/ 434449", "direccion": "Calle 74 e/ 3 y 4 ", "latitud": -36.57637967, "longitud": -56.69237049 }, "geometry": { "type": "Point", "coordinates": [ -56.69237049, -36.57637967 ] } },
{ "type": "Feature", "properties": { "municipio_id": 6420, "municipio_nombre": "La Costa", "localidad": "San Clemente", "dependencia": "Comisaría de la Costa 3°", "telefono": "02252 – 421815", "direccion": "Av. San Martín N° 585 ", "latitud": -36.3583397, "longitud": -56.72623387 }, "geometry": { "type": "Point", "coordinates": [ -56.72623387, -36.3583397 ] } },
{ "type": "Feature", "properties": { "municipio_id": 6420, "municipio_nombre": "La Costa", "localidad": "Santa Teresita", "dependencia": "Comisaría de la Costa 1°", "telefono": "02246 - 420227/ 422925", "direccion": "Calle 41 y 3 ", "latitud": -36.34394138, "longitud": -56.73625293 }, "geometry": { "type": "Point", "coordinates": [ -56.73625293, -36.34394138 ] } },
{ "type": "Feature", "properties": { "municipio_id": 6420, "municipio_nombre": "La Costa", "localidad": "Las Toninas", "dependencia": "Comisaría de la Costa 6°", "telefono": "02246 - 431868", "direccion": "Calle 1 N° 1050 e/ 24 y 26 ", "latitud": null, "longitud": null }, "geometry": null },
{ "type": "Feature", "properties": { "municipio_id": 6427, "municipio_nombre": "La Matanza", "localidad": "Virrey del Pino", "dependencia": "Comisaría La Matanza SUR 2°", "telefono": "02202 - 440444/ 441808", "direccion": "Juan Manuel de Rosas N° 19950 ", "latitud": -34.80416715, "longitud": -58.6324149 }, "geometry": { "type": "Point", "coordinates": [ -58.6324149, -34.80416715 ] } },
{ "type": "Feature", "properties": { "municipio_id": 6427, "municipio_nombre": "La Matanza", "localidad": "Virrey Dorrego", "dependencia": "Comisaría La Matanza SUR 3°", "telefono": "02202 - 451850/ 453926", "direccion": "Achupallas N° 6167 ", "latitud": -34.78454635, "longitud": -58.60018718 }, "geometry": { "type": "Point", "coordinates": [ -58.60018718, -34.78454635 ] } },
{ "type": "Feature", "properties": { "municipio_id": 6427, "municipio_nombre": "La Matanza", "localidad": "Gregorio de Laferrere", "dependencia": "Comisaría La Matanza ESTE 1°", "telefono": "011 - 46261111/ 1444", "direccion": "López May N° 3303 ", "latitud": -34.7404556, "longitud": -58.57182987 }, "geometry": { "type": "Point", "coordinates": [ -58.57182987, -34.7404556 ] } },
{ "type": "Feature", "properties": { "municipio_id": 6427, "municipio_nombre": "La Matanza", "localidad": "Altos de Laferrere", "dependencia": "Comisaría La Matanza ESTE 2°", "telefono": "011 - 46260088/ 0153", "direccion": "Jorge Newbery N° 2087 ", "latitud": -34.73054235, "longitud": -58.59228511 }, "geometry": { "type": "Point", "coordinates": [ -58.59228511, -34.73054235 ] } },
{ "type": "Feature", "properties": { "municipio_id": 6427, "municipio_nombre": "La Matanza", "localidad": "San Alberto", "dependencia": "Comisaría La Matanza OESTE 4°", "telefono": "011 - 46949425/ 1048/ 3772", "direccion": "Pekín N° 4290 ", "latitud": -34.7133514, "longitud": -58.57312774 }, "geometry": { "type": "Point", "coordinates": [ -58.57312774, -34.7133514 ] } },
{ "type": "Feature", "properties": { "municipio_id": 6427, "municipio_nombre": "La Matanza", "localidad": "San Carlos", "dependencia": "Comisaría La Matanza OESTE 2°", "telefono": "011 - 46256204/ 4758", "direccion": "Bedoya N° 2474 ", "latitud": -34.70920514, "longitud": -58.60280712 }, "geometry": { "type": "Point", "coordinates": [ -58.60280712, -34.70920514 ] } },
{ "type": "Feature", "properties": { "municipio_id": 6427, "municipio_nombre": "La Matanza", "localidad": "Aldo Bonzi", "dependencia": "Subcomisaría Aldo Bonzi", "telefono": "011 - 44420476", "direccion": "José Alico N° 1020 ", "latitud": -34.70591859, "longitud": -58.51101521 }, "geometry": { "type": "Point", "coordinates": [ -58.51101521, -34.70591859 ] } },
{ "type": "Feature", "properties": { "municipio_id": 6427, "municipio_nombre": "La Matanza", "localidad": "Mercado Central", "dependencia": "Comisaría La Matanza NORESTE 5°", "telefono": "011 – 44805664/ 63", "direccion": "Circunvalación y Del Tallo ", "latitud": -34.705639, "longitud": -58.492176 }, "geometry": { "type": "Point", "coordinates": [ -58.492176, -34.705639 ] } },
{ "type": "Feature", "properties": { "municipio_id": 6427, "municipio_nombre": "La Matanza", "localidad": "Isidro Casanova", "dependencia": "Comisaría La Matanza OESTE 1°", "telefono": "011 - 46254049/ 5711", "direccion": "París N° 2837 ", "latitud": -34.69981657, "longitud": -58.58603169 }, "geometry": { "type": "Point", "coordinates": [ -58.58603169, -34.69981657 ] } },
{ "type": "Feature", "properties": { "municipio_id": 6427, "municipio_nombre": "La Matanza", "localidad": "Tapiales", "dependencia": "Comisaría La Matanza NORESTE 4°", "telefono": "011 – 44423131/ 44622935", "direccion": "Altolaguirre N° 230 ", "latitud": -34.69824915, "longitud": -58.5071001 }, "geometry": { "type": "Point", "coordinates": [ -58.5071001, -34.69824915 ] } },
{ "type": "Feature", "properties": { "municipio_id": 6427, "municipio_nombre": "La Matanza", "localidad": "Villa Recondo", "dependencia": "Comisaría La Matanza NORESTE 6°", "telefono": "011 - 46224000", "direccion": "M. Ugarte N° 850 ", "latitud": -34.69191474, "longitud": -58.48091267 }, "geometry": { "type": "Point", "coordinates": [ -58.48091267, -34.69191474 ] } },
{ "type": "Feature", "properties": { "municipio_id": 6427, "municipio_nombre": "La Matanza", "localidad": "Rafael Castillo", "dependencia": "Comisaría La Matanza OESTE 3°", "telefono": "011 - 46977195/ 0448", "direccion": "Méndez de Andes N° 1752 ", "latitud": -34.68884931, "longitud": -58.61735775 }, "geometry": { "type": "Point", "coordinates": [ -58.61735775, -34.68884931 ] } },
{ "type": "Feature", "properties": { "municipio_id": 6427, "municipio_nombre": "La Matanza", "localidad": "Villa Madero", "dependencia": "Comisaría La Matanza NORESTE 1°", "telefono": "011 - 46524444/ 3000", "direccion": "Pederneras N° 947 ", "latitud": -34.684854, "longitud": -58.50386 }, "geometry": { "type": "Point", "coordinates": [ -58.50386, -34.684854 ] } },
{ "type": "Feature", "properties": { "municipio_id": 6427, "municipio_nombre": "La Matanza", "localidad": "González Catán", "dependencia": "Comisaría La Matanza SUR 1°", "telefono": "02202 - 431333/ 422333", "direccion": "Antonio Sáenz N° 404 ", "latitud": -34.68415795, "longitud": -58.49294234 }, "geometry": { "type": "Point", "coordinates": [ -58.49294234, -34.68415795 ] } },
{ "type": "Feature", "properties": { "municipio_id": 6427, "municipio_nombre": "La Matanza", "localidad": "La Tablada", "dependencia": "Comisaría La Matanza NORESTE 3°", "telefono": "011 – 44531316/ 1007", "direccion": "Alberti N° 702 ", "latitud": -34.6832719, "longitud": -58.5281401 }, "geometry": { "type": "Point", "coordinates": [ -58.5281401, -34.6832719 ] } },
{ "type": "Feature", "properties": { "municipio_id": 6427, "municipio_nombre": "La Matanza", "localidad": "San Justo", "dependencia": "Comisaría La Matanza NOROESTE 1°", "telefono": "011 – 46513333/ 44844700", "direccion": "Villegas N° 2459 ", "latitud": -34.6771069, "longitud": -58.5616582 }, "geometry": { "type": "Point", "coordinates": [ -58.5616582, -34.6771069 ] } },
{ "type": "Feature", "properties": { "municipio_id": 6427, "municipio_nombre": "La Matanza", "localidad": "Lomas del Mirador", "dependencia": "Comisaría La Matanza NORESTE 2°", "telefono": "011 - 46523344/ 3443", "direccion": "Quintana y Tapalqué ", "latitud": -34.664429, "longitud": -58.521509 }, "geometry": { "type": "Point", "coordinates": [ -58.521509, -34.664429 ] } },
{ "type": "Feature", "properties": { "municipio_id": 6427, "municipio_nombre": "La Matanza", "localidad": "Don Bosco", "dependencia": "Comisaría La Matanza NOROESTE 5°", "telefono": "011 - 46586741/ 46543666", "direccion": "De Olivera N° 689 y Aconcagua ", "latitud": -34.658433, "longitud": -58.5549 }, "geometry": { "type": "Point", "coordinates": [ -58.5549, -34.658433 ] } },
{ "type": "Feature", "properties": { "municipio_id": 6427, "municipio_nombre": "La Matanza", "localidad": "Villa Luzuriaga", "dependencia": "Comisaría La Matanza NOROESTE 3°", "telefono": "011 - 46593344/ 44431301", "direccion": "Garibaldi N° 2388 ", "latitud": -34.6580768, "longitud": -58.58563835 }, "geometry": { "type": "Point", "coordinates": [ -58.58563835, -34.6580768 ] } },
{ "type": "Feature", "properties": { "municipio_id": 6427, "municipio_nombre": "La Matanza", "localidad": "Lomas del Millón", "dependencia": "Comisaría La Matanza NOROESTE 6°", "telefono": "011 - 46470574/ 46533344", "direccion": "General Acha N° 698 ", "latitud": -34.64721285, "longitud": -58.5457627 }, "geometry": { "type": "Point", "coordinates": [ -58.5457627, -34.64721285 ] } },
{ "type": "Feature", "properties": { "municipio_id": 6427, "municipio_nombre": "La Matanza", "localidad": "La Matanza", "dependencia": "Comisaría La Matanza NOROESTE 2°", "telefono": "011 - 46583333/ 1683", "direccion": "Av. de Mayo N° 549 ", "latitud": -34.64579087, "longitud": -58.56481633 }, "geometry": { "type": "Point", "coordinates": [ -58.56481633, -34.64579087 ] } },
{ "type": "Feature", "properties": { "municipio_id": 6427, "municipio_nombre": "La Matanza", "localidad": "Los Pinos", "dependencia": "Comisaría La Matanza NOROESTE 4°", "telefono": "011 - 46690919/ 0920", "direccion": "Carabobo N° 4889 y Pontevedra ", "latitud": null, "longitud": null }, "geometry": null },
{ "type": "Feature", "properties": { "municipio_id": 6427, "municipio_nombre": "La Matanza", "localidad": "Ciudad Evita", "dependencia": "Comisaría La Matanza ESTE 3°", "telefono": "011 - 44872043", "direccion": "La Choca y El Guayacán ", "latitud": null, "longitud": null }, "geometry": null },
{ "type": "Feature", "properties": { "municipio_id": 6441, "municipio_nombre": "La Plata", "localidad": "Abasto", "dependencia": "Comisaría La Plata 7°", "telefono": "0221 - 4913300/ 3500/ 6300", "direccion": "Calle 520 e/ 212 y 213 ", "latitud": -34.989132, "longitud": -58.091457 }, "geometry": { "type": "Point", "coordinates": [ -58.091457, -34.989132 ] } },
{ "type": "Feature", "properties": { "municipio_id": 6441, "municipio_nombre": "La Plata", "localidad": "Olmos", "dependencia": "Comisaría La Plata 15°", "telefono": "0221 – 4963036/ 4655", "direccion": "Calle 44 y 202 ", "latitud": -34.98809788, "longitud": -58.04082043 }, "geometry": { "type": "Point", "coordinates": [ -58.04082043, -34.98809788 ] } },
{ "type": "Feature", "properties": { "municipio_id": 6441, "municipio_nombre": "La Plata", "localidad": "Los Hornos", "dependencia": "Comisaría La Plata 3°", "telefono": "0221 - 4507890/ 4560934", "direccion": "Calle 137 N° 1427 e/ 61 y 62 ", "latitud": -34.950697, "longitud": -57.971453 }, "geometry": { "type": "Point", "coordinates": [ -57.971453, -34.950697 ] } },
{ "type": "Feature", "properties": { "municipio_id": 6441, "municipio_nombre": "La Plata", "localidad": "Melchor Romero", "dependencia": "Comisaría La Plata 14°", "telefono": "0221 - 4781684/ 1154", "direccion": "Calle 173 esquina 517 ", "latitud": -34.95027, "longitud": -58.054677 }, "geometry": { "type": "Point", "coordinates": [ -58.054677, -34.95027 ] } },
{ "type": "Feature", "properties": { "municipio_id": 6441, "municipio_nombre": "La Plata", "localidad": "La Plata", "dependencia": "Comisaría La Plata 5°", "telefono": "0221 - 4577122/ 21", "direccion": "Diagonal 74 N° 2478 e/ 23 y 24 ", "latitud": -34.940075, "longitud": -57.95373 }, "geometry": { "type": "Point", "coordinates": [ -57.95373, -34.940075 ] } },
{ "type": "Feature", "properties": { "municipio_id": 6441, "municipio_nombre": "La Plata", "localidad": "La Plata", "dependencia": "Comisaría La Plata 8°", "telefono": "0221 - 4524322", "direccion": "Calle 7 y 74 ", "latitud": -34.932709, "longitud": -57.92513 }, "geometry": { "type": "Point", "coordinates": [ -57.92513, -34.932709 ] } },
{ "type": "Feature", "properties": { "municipio_id": 6441, "municipio_nombre": "La Plata", "localidad": "La Plata", "dependencia": "Comisaría La Plata 16°", "telefono": "0221 – 4577126/ 4518051", "direccion": "Calle 122 e/ 81 y 82 ", "latitud": -34.926172, "longitud": -57.90464 }, "geometry": { "type": "Point", "coordinates": [ -57.90464, -34.926172 ] } },
{ "type": "Feature", "properties": { "municipio_id": 6441, "municipio_nombre": "La Plata", "localidad": "La Plata", "dependencia": "Comisaría La Plata 1°", "telefono": "0221 - 4231945/ 4276745", "direccion": "Calle 53 N° 738 e/ 9 y 10 ", "latitud": -34.91894484, "longitud": -57.95055002 }, "geometry": { "type": "Point", "coordinates": [ -57.95055002, -34.91894484 ] } },
{ "type": "Feature", "properties": { "municipio_id": 6441, "municipio_nombre": "La Plata", "localidad": "La Plata", "dependencia": "Comisaría La Plata 9°", "telefono": "0221 - 4231953/ 54/ 4213978", "direccion": "Calle 5 N° 1304 esquina 59 ", "latitud": -34.91812, "longitud": -57.940087 }, "geometry": { "type": "Point", "coordinates": [ -57.940087, -34.91812 ] } },
{ "type": "Feature", "properties": { "municipio_id": 6441, "municipio_nombre": "La Plata", "localidad": "Ringuelet", "dependencia": "Comisaría La Plata 11°", "telefono": "0221 – 4231955/ 4276941", "direccion": "Calle 530 y 14 ", "latitud": -34.90918579, "longitud": -57.98250286 }, "geometry": { "type": "Point", "coordinates": [ -57.98250286, -34.90918579 ] } },
{ "type": "Feature", "properties": { "municipio_id": 6441, "municipio_nombre": "La Plata", "localidad": "Gorina", "dependencia": "Subcomisaría Gorina", "telefono": "0221 - 4848037", "direccion": "Calle 140 Bis y 501 ", "latitud": -34.90845094, "longitud": -58.03909376 }, "geometry": { "type": "Point", "coordinates": [ -58.03909376, -34.90845094 ] } },
{ "type": "Feature", "properties": { "municipio_id": 6441, "municipio_nombre": "La Plata", "localidad": "La Plata", "dependencia": "Comisaría La Plata 2°", "telefono": "0221 - 4231947/ 48/ 4230649", "direccion": "Calle 38 e/ Plaza Olazábal y 8 ", "latitud": -34.906217, "longitud": -57.963126 }, "geometry": { "type": "Point", "coordinates": [ -57.963126, -34.906217 ] } },
{ "type": "Feature", "properties": { "municipio_id": 6441, "municipio_nombre": "La Plata", "localidad": "Tolosa", "dependencia": "Comisaría La Plata 6°", "telefono": "0221 - 4231951/ 52", "direccion": "Calle 1 N° 341 e/ 528 Bis y 529 ", "latitud": -34.892078, "longitud": -57.966389 }, "geometry": { "type": "Point", "coordinates": [ -57.966389, -34.892078 ] } },
{ "type": "Feature", "properties": { "municipio_id": 6441, "municipio_nombre": "La Plata", "localidad": "La Plata", "dependencia": "Comisaría La Plata 13°", "telefono": "0221 - 4713500/ 5434", "direccion": "Calle 502 y 15", "latitud": -34.88323418, "longitud": -58.01160319 }, "geometry": { "type": "Point", "coordinates": [ -58.01160319, -34.88323418 ] } },
{ "type": "Feature", "properties": { "municipio_id": 6441, "municipio_nombre": "La Plata", "localidad": "Villa Elisa", "dependencia": "Comisaría La Plata 12°", "telefono": "0221 - 4731599/ 0075", "direccion": "Calle 6 y 49 ", "latitud": -34.84887384, "longitud": -58.09295655 }, "geometry": { "type": "Point", "coordinates": [ -58.09295655, -34.84887384 ] } },
{ "type": "Feature", "properties": { "municipio_id": 6441, "municipio_nombre": "La Plata", "localidad": "Melchor Romero", "dependencia": "Subcomisaría La Unión", "telefono": "0221 - 4707676/ 4709388", "direccion": "Calle 137 e/ 524 y 525 ", "latitud": null, "longitud": null }, "geometry": null },
{ "type": "Feature", "properties": { "municipio_id": 6441, "municipio_nombre": "La Plata", "localidad": "City Bell", "dependencia": "Comisaría La Plata 10°", "telefono": "0221 - 4721366/ 2928", "direccion": "Calle 14 C N° 450 e/ 471 y 472 ", "latitud": null, "longitud": null }, "geometry": null },
{ "type": "Feature", "properties": { "municipio_id": 6441, "municipio_nombre": "La Plata", "localidad": "Hernández", "dependencia": "Subcomisaría Hernández", "telefono": "0221- 4715492", "direccion": "Calle 511 e/ 29 y 30 ", "latitud": null, "longitud": null }, "geometry": null },
{ "type": "Feature", "properties": { "municipio_id": 6441, "municipio_nombre": "La Plata", "localidad": "Arana", "dependencia": "Subcomisaría Arana", "telefono": "0221 - 4910316", "direccion": "Calle 640 e/ 131 y 132 ", "latitud": null, "longitud": null }, "geometry": null },
{ "type": "Feature", "properties": { "municipio_id": 6441, "municipio_nombre": "La Plata", "localidad": "La Plata", "dependencia": "Comisaría La Plata 4°", "telefono": "0221 - 4231949/ 50", "direccion": "Diagonal 73 N° 2651 e/ 41 y 42 ", "latitud": null, "longitud": null }, "geometry": null },
{ "type": "Feature", "properties": { "municipio_id": 6434, "municipio_nombre": "Lanús", "localidad": "Monte Chingolo", "dependencia": "Comisaría Lanús 6°", "telefono": "011 - 42466224/8218", "direccion": "Monasterio N° 1455 ", "latitud": -34.73204525, "longitud": -58.3477492 }, "geometry": { "type": "Point", "coordinates": [ -58.3477492, -34.73204525 ] } },
{ "type": "Feature", "properties": { "municipio_id": 6434, "municipio_nombre": "Lanús", "localidad": "Remedios de Escalada", "dependencia": "Comisaría Lanús 4°", "telefono": "011 - 42416205/ 42414000", "direccion": "Maspero N° 99 ", "latitud": -34.7232217, "longitud": -58.3959101 }, "geometry": { "type": "Point", "coordinates": [ -58.3959101, -34.7232217 ] } },
{ "type": "Feature", "properties": { "municipio_id": 6434, "municipio_nombre": "Lanús", "localidad": "Villa Obrera", "dependencia": "Comisaría Lanús 8°", "telefono": "011 - 42465129/ 42209087", "direccion": "General Pico N° 1835 ", "latitud": -34.72013313, "longitud": -58.36300187 }, "geometry": { "type": "Point", "coordinates": [ -58.36300187, -34.72013313 ] } },
{ "type": "Feature", "properties": { "municipio_id": 6434, "municipio_nombre": "Lanús", "localidad": "Lanús Este", "dependencia": "Comisaría Lanús 2°", "telefono": "011 - 42412382/ 3333", "direccion": "O’Higgins N° 1861 ", "latitud": -34.70812145, "longitud": -58.38733045 }, "geometry": { "type": "Point", "coordinates": [ -58.38733045, -34.70812145 ] } },
{ "type": "Feature", "properties": { "municipio_id": 6434, "municipio_nombre": "Lanús", "localidad": "Villa Caraza", "dependencia": "Comisaría Lanús 9°", "telefono": "011 - 42626372/ 0304/ 6351", "direccion": "Fernández N° 3535 ", "latitud": -34.70429995, "longitud": -58.42634497 }, "geometry": { "type": "Point", "coordinates": [ -58.42634497, -34.70429995 ] } },
{ "type": "Feature", "properties": { "municipio_id": 6434, "municipio_nombre": "Lanús", "localidad": "Villa Industriales", "dependencia": "Comisaría Lanús 7°", "telefono": "011 - 42625790", "direccion": "Coronel D’Elía N° 1745 ", "latitud": -34.6903199, "longitud": -58.40877245 }, "geometry": { "type": "Point", "coordinates": [ -58.40877245, -34.6903199 ] } },
{ "type": "Feature", "properties": { "municipio_id": 6434, "municipio_nombre": "Lanús", "localidad": "Villa Diamante", "dependencia": "Comisaría Lanús 5°", "telefono": "011 - 42184606/ 42183336/ 42089460", "direccion": "Warnes N° 3077 ", "latitud": -34.68413705, "longitud": -58.4232624 }, "geometry": { "type": "Point", "coordinates": [ -58.4232624, -34.68413705 ] } },
{ "type": "Feature", "properties": { "municipio_id": 6434, "municipio_nombre": "Lanús", "localidad": "Valentín Alsina", "dependencia": "Comisaría Lanús 3°", "telefono": "011 - 42089198/ 42084444/", "direccion": "Yatay N° 553 ", "latitud": -34.66729105, "longitud": -58.41176275 }, "geometry": { "type": "Point", "coordinates": [ -58.41176275, -34.66729105 ] } },
{ "type": "Feature", "properties": { "municipio_id": 6434, "municipio_nombre": "Lanús", "localidad": "Villa Barceló", "dependencia": "Comisaría Lanús 10°", "telefono": "011 – 42468344/ 42204464/ 42201111", "direccion": "Coronel Aquilar N° 3635 ", "latitud": null, "longitud": null }, "geometry": null },
{ "type": "Feature", "properties": { "municipio_id": 6434, "municipio_nombre": "Lanús", "localidad": "Lanús Oeste", "dependencia": "Comisaría Lanús 1°", "telefono": "011 - 42410049/ 42414444/ 42252865", "direccion": "D. Valle Iberlucía N° 2818 ", "latitud": null, "longitud": null }, "geometry": null },
{ "type": "Feature", "properties": { "municipio_id": 6448, "municipio_nombre": "Laprida", "localidad": "Laprida", "dependencia": "Estación Policía Comunal Laprida", "telefono": "02285 – 421943/ 421300", "direccion": "Pellegrini N° 1480 ", "latitud": -37.5463024, "longitud": -60.797194 }, "geometry": { "type": "Point", "coordinates": [ -60.797194, -37.5463024 ] } },
{ "type": "Feature", "properties": { "municipio_id": 6455, "municipio_nombre": "Las Flores", "localidad": "Las Flores", "dependencia": "Estación Policía Comunal Las Flores", "telefono": "02244 – 452500/ 452222", "direccion": "Harosteguy y Moreno ", "latitud": -36.019213, "longitud": -59.101424 }, "geometry": { "type": "Point", "coordinates": [ -59.101424, -36.019213 ] } },
{ "type": "Feature", "properties": { "municipio_id": 6462, "municipio_nombre": "Leandro N. Alem", "localidad": "Vedia", "dependencia": "Comisaría Vedia", "telefono": "02354 – 420011/ 420442", "direccion": "L. N. Alem N° 273 ", "latitud": -34.524286, "longitud": -61.3904644 }, "geometry": { "type": "Point", "coordinates": [ -61.3904644, -34.524286 ] } },
{ "type": "Feature", "properties": { "municipio_id": 6462, "municipio_nombre": "Leandro N. Alem", "localidad": "Alem", "dependencia": "Subcomisaría L. N. Alem", "telefono": "0236 - 4491022", "direccion": "Máximo Layera N° 446 ", "latitud": -34.5199732, "longitud": -61.390011 }, "geometry": { "type": "Point", "coordinates": [ -61.390011, -34.5199732 ] } },
{ "type": "Feature", "properties": { "municipio_id": 6462, "municipio_nombre": "Leandro N. Alem", "localidad": "Alberdi", "dependencia": "Subcomisaría Alberdi", "telefono": "02354 - 480013", "direccion": "Rivadavia N° 241 ", "latitud": null, "longitud": null }, "geometry": null },
{ "type": "Feature", "properties": { "municipio_id": 6466, "municipio_nombre": "Lezama", "localidad": "M. J. Cobo", "dependencia": "Estación Policía Comunal Lezama", "telefono": "02242 - 432103/ 432107", "direccion": "Independencia N° 93 ", "latitud": -35.87495318, "longitud": -57.90136122 }, "geometry": { "type": "Point", "coordinates": [ -57.90136122, -35.87495318 ] } },
{ "type": "Feature", "properties": { "municipio_id": 6469, "municipio_nombre": "Lincoln", "localidad": "Lincoln", "dependencia": "Subcomisaría Roberts", "telefono": "02355 - 498001", "direccion": "Duggan N° 1680 ", "latitud": -35.1415184, "longitud": -61.967919 }, "geometry": { "type": "Point", "coordinates": [ -61.967919, -35.1415184 ] } },
{ "type": "Feature", "properties": { "municipio_id": 6469, "municipio_nombre": "Lincoln", "localidad": "Lincoln", "dependencia": "Comisaría Lincoln", "telefono": "02355 - 430535/ 430536/ 432000", "direccion": "Av. Alem N° 859 ", "latitud": -34.8669778, "longitud": -61.527 }, "geometry": { "type": "Point", "coordinates": [ -61.527, -34.8669778 ] } },
{ "type": "Feature", "properties": { "municipio_id": 6476, "municipio_nombre": "Lobería", "localidad": "Lobería", "dependencia": "Estación Policía Comunal Lobería", "telefono": "02261 - 442213/ 443527", "direccion": "Sarmiento N° 150 ", "latitud": -38.1649568, "longitud": -58.7844931 }, "geometry": { "type": "Point", "coordinates": [ -58.7844931, -38.1649568 ] } },
{ "type": "Feature", "properties": { "municipio_id": 6476, "municipio_nombre": "Lobería", "localidad": "Lobería", "dependencia": "Subestación Policía Comunal Arenas", "telefono": "02262 - 15651644", "direccion": "Av. B y calle 11 ", "latitud": null, "longitud": null }, "geometry": null },
{ "type": "Feature", "properties": { "municipio_id": 6476, "municipio_nombre": "Lobería", "localidad": "San Manuel", "dependencia": "Subestación Policía Comunal San Manuel", "telefono": "02261 - 498058", "direccion": "Av. Irigoyen N° 104 ", "latitud": null, "longitud": null }, "geometry": null },
{ "type": "Feature", "properties": { "municipio_id": 6483, "municipio_nombre": "Lobos", "localidad": "Lobos", "dependencia": "Estación Policía Comunal Lobos", "telefono": "02227 - 421313/ 424344", "direccion": "Salgado y Estrada ", "latitud": -35.1858823, "longitud": -59.10052013 }, "geometry": { "type": "Point", "coordinates": [ -59.10052013, -35.1858823 ] } },
{ "type": "Feature", "properties": { "municipio_id": 6483, "municipio_nombre": "Lobos", "localidad": "Empalme Lobos", "dependencia": "Estación Policía Comunal Empalme Lobos", "telefono": "02227 – 422121/ 423027", "direccion": "San Patricio N° 140 ", "latitud": -35.14928875, "longitud": -59.08996838 }, "geometry": { "type": "Point", "coordinates": [ -59.08996838, -35.14928875 ] } },
{ "type": "Feature", "properties": { "municipio_id": 6490, "municipio_nombre": "Lomas de Zamora", "localidad": "Lavallol", "dependencia": "Comisaría Lomas de Zamora 4°", "telefono": "011 - 42986100/ 42317821", "direccion": "Euskal Echea N° 277 ", "latitud": -34.80123475, "longitud": -58.42564245 }, "geometry": { "type": "Point", "coordinates": [ -58.42564245, -34.80123475 ] } },
{ "type": "Feature", "properties": { "municipio_id": 6490, "municipio_nombre": "Lomas de Zamora", "localidad": "Temperley", "dependencia": "Comisaría Lomas de Zamora 3°", "telefono": "011 – 42448018/ 42434086", "direccion": "Santa María de Oro N° 330 ", "latitud": -34.7753176, "longitud": -58.3956742 }, "geometry": { "type": "Point", "coordinates": [ -58.3956742, -34.7753176 ] } },
{ "type": "Feature", "properties": { "municipio_id": 6490, "municipio_nombre": "Lomas de Zamora", "localidad": "Temperley", "dependencia": "Comisaría Lomas de Zamora 6°", "telefono": "011 - 42641975/ 6774", "direccion": "Golondrina N° 2950 ", "latitud": -34.7662471, "longitud": -58.36215853 }, "geometry": { "type": "Point", "coordinates": [ -58.36215853, -34.7662471 ] } },
{ "type": "Feature", "properties": { "municipio_id": 6490, "municipio_nombre": "Lomas de Zamora", "localidad": "Villa Galicia", "dependencia": "Comisaría Lomas de Zamora 8°", "telefono": "011 – 42436865/ 42443344", "direccion": "Iriarte N° 1409 ", "latitud": -34.7636417, "longitud": -58.37981801 }, "geometry": { "type": "Point", "coordinates": [ -58.37981801, -34.7636417 ] } },
{ "type": "Feature", "properties": { "municipio_id": 6490, "municipio_nombre": "Lomas de Zamora", "localidad": "Parque Barón", "dependencia": "Comisaría Lomas de Zamora 9°", "telefono": "011 – 42820497/ 42820497", "direccion": "Falucho N° 84 ", "latitud": -34.76041171, "longitud": -58.43886426 }, "geometry": { "type": "Point", "coordinates": [ -58.43886426, -34.76041171 ] } },
{ "type": "Feature", "properties": { "municipio_id": 6490, "municipio_nombre": "Lomas de Zamora", "localidad": "Lomas de Zamora", "dependencia": "Comisaría Lomas de Zamora 1°", "telefono": "011 - 42446580", "direccion": "Alem N° 206 y Sáenz ", "latitud": -34.758192, "longitud": -58.399357 }, "geometry": { "type": "Point", "coordinates": [ -58.399357, -34.758192 ] } },
{ "type": "Feature", "properties": { "municipio_id": 6490, "municipio_nombre": "Lomas de Zamora", "localidad": "Banfield", "dependencia": "Comisaría Lomas de Zamora 2°", "telefono": "011 – 42029380/ 42426631", "direccion": "Vergara N° 1279 ", "latitud": null, "longitud": null }, "geometry": null },
{ "type": "Feature", "properties": { "municipio_id": 6490, "municipio_nombre": "Lomas de Zamora", "localidad": "Villa Centenario", "dependencia": "Comisaría Lomas de Zamora 7°", "telefono": "011 - 42423840/ 8600", "direccion": "Bilbao La Vieja N° 199 ", "latitud": -34.73391009, "longitud": -58.42401286 }, "geometry": { "type": "Point", "coordinates": [ -58.42401286, -34.73391009 ] } },
{ "type": "Feature", "properties": { "municipio_id": 6490, "municipio_nombre": "Lomas de Zamora", "localidad": "Villa Fiorito", "dependencia": "Comisaría Lomas de Zamora 5°", "telefono": "011 – 42863538", "direccion": "Necol N° 277 ", "latitud": -34.70880931, "longitud": -58.44360438 }, "geometry": { "type": "Point", "coordinates": [ -58.44360438, -34.70880931 ] } },
{ "type": "Feature", "properties": { "municipio_id": 6490, "municipio_nombre": "Lomas de Zamora", "localidad": "Ingeniero Budge", "dependencia": "Comisaría Lomas de Zamora 10°", "telefono": "011 - 42851786/ 1792", "direccion": "Rivera Sur y Camino Negro ", "latitud": null, "longitud": null }, "geometry": null },
{ "type": "Feature", "properties": { "municipio_id": 6497, "municipio_nombre": "Luján", "localidad": "Luján", "dependencia": "Comisaría Luján 1°", "telefono": "02323 – 424641/ 421111", "direccion": "Las Heras N° 387 ", "latitud": null, "longitud": null }, "geometry": null },
{ "type": "Feature", "properties": { "municipio_id": 6497, "municipio_nombre": "Luján", "localidad": "Villa Flandria", "dependencia": "Comisaría Luján 2°", "telefono": "02323 - 497220", "direccion": "Luis Gonzaga N° 174 ", "latitud": -34.60052545, "longitud": -59.17556393 }, "geometry": { "type": "Point", "coordinates": [ -59.17556393, -34.60052545 ] } },
{ "type": "Feature", "properties": { "municipio_id": 6497, "municipio_nombre": "Luján", "localidad": "Open Door", "dependencia": "Comisaría Luján 3° Open Door", "telefono": "02323 - 496188", "direccion": "Santa Fe y Corrientes ", "latitud": null, "longitud": null }, "geometry": null },
{ "type": "Feature", "properties": { "municipio_id": 6505, "municipio_nombre": "Magdalena", "localidad": "Magdalena", "dependencia": "Estación Policía Comunal Magdalena", "telefono": "02221 - 452413/ 453508", "direccion": "Brenan N° 1002 ", "latitud": -35.07957652, "longitud": -57.52710845 }, "geometry": { "type": "Point", "coordinates": [ -57.52710845, -35.07957652 ] } },
{ "type": "Feature", "properties": { "municipio_id": 6505, "municipio_nombre": "Magdalena", "localidad": "Bavio", "dependencia": "Subestación Policía Comunal Bartolomé Bavio", "telefono": "0221 - 4911101", "direccion": "General Paz y San Pablo ", "latitud": null, "longitud": null }, "geometry": null },
{ "type": "Feature", "properties": { "municipio_id": 6511, "municipio_nombre": "Maipú", "localidad": "Maipú", "dependencia": "Estación Policía Comunal Maipú", "telefono": "02268 – 421013/ 421115", "direccion": "Rivadavia N°340 ", "latitud": null, "longitud": null }, "geometry": null },
{ "type": "Feature", "properties": { "municipio_id": 6515, "municipio_nombre": "Malvinas Argentinas", "localidad": "Los Polvorines", "dependencia": "Comisaría Malvinas Argentinas 2°", "telefono": "011 - 44560198/ 0227/ 0053", "direccion": "Perito Moreno N° 3181 ", "latitud": -34.4983845, "longitud": -58.68799493 }, "geometry": { "type": "Point", "coordinates": [ -58.68799493, -34.4983845 ] } },
{ "type": "Feature", "properties": { "municipio_id": 6515, "municipio_nombre": "Malvinas Argentinas", "localidad": "Pablo Nogués", "dependencia": "Comisaría Malvinas Argentinas 3°", "telefono": "02320 - 480260/ 486191", "direccion": "Ejército de los Andes N° 2244 ", "latitud": -34.48869284, "longitud": -58.70476663 }, "geometry": { "type": "Point", "coordinates": [ -58.70476663, -34.48869284 ] } },
{ "type": "Feature", "properties": { "municipio_id": 6515, "municipio_nombre": "Malvinas Argentinas", "localidad": "Grand Bourg", "dependencia": "Comisaría Malvinas Argentinas 1°", "telefono": "02320 - 480171/ 485600", "direccion": "José de San Martín N° 1674 ", "latitud": -34.47958173, "longitud": -58.7157386 }, "geometry": { "type": "Point", "coordinates": [ -58.7157386, -34.47958173 ] } },
{ "type": "Feature", "properties": { "municipio_id": 6515, "municipio_nombre": "Malvinas Argentinas", "localidad": "Tortuguitas", "dependencia": "Comisaría Malvinas Argentinas 4°", "telefono": "02320 - 491011/ 495000", "direccion": "Perón N° 181 ", "latitud": -34.47126415, "longitud": -58.76027834 }, "geometry": { "type": "Point", "coordinates": [ -58.76027834, -34.47126415 ] } },
{ "type": "Feature", "properties": { "municipio_id": 6518, "municipio_nombre": "Mar Chiquita", "localidad": "General Pirán", "dependencia": "Subestación Policía Comunal General Pirán", "telefono": "02265 - 491017", "direccion": "Mariano Moreno N° 365 ", "latitud": -37.27350386, "longitud": -57.77491779 }, "geometry": { "type": "Point", "coordinates": [ -57.77491779, -37.27350386 ] } },
{ "type": "Feature", "properties": { "municipio_id": 6518, "municipio_nombre": "Mar Chiquita", "localidad": "Santa Clara del Mar", "dependencia": "Estación Policía Comunal 2° Santa Clara del Mar", "telefono": "0223 - 4602386", "direccion": "Av. Arroyo y Acapulco N° 5 ", "latitud": null, "longitud": null }, "geometry": null },
{ "type": "Feature", "properties": { "municipio_id": 6518, "municipio_nombre": "Mar Chiquita", "localidad": "Mar Chiquita", "dependencia": "Estación Policía Comunal 1° Coronel Vidal", "telefono": "02265 – 432325/ 432253", "direccion": "Nicanor Ezeiza N° 584 y Sarmiento ", "latitud": null, "longitud": null }, "geometry": null },
{ "type": "Feature", "properties": { "municipio_id": 6525, "municipio_nombre": "Marcos Paz", "localidad": "Marcos Paz", "dependencia": "Estación Policía Comunal Marcos Paz", "telefono": "0220 - 4771111/2544", "direccion": "San Martín N° 820 ", "latitud": null, "longitud": null }, "geometry": null },
{ "type": "Feature", "properties": { "municipio_id": 6532, "municipio_nombre": "Mercedes", "localidad": "Mercedes", "dependencia": "Estación Policía Comunal Mercedes", "telefono": "02324 – 425115/ 423333/ 434325", "direccion": "Calle 37 N° 572 ", "latitud": -34.6498499, "longitud": -59.4362196 }, "geometry": { "type": "Point", "coordinates": [ -59.4362196, -34.6498499 ] } },
{ "type": "Feature", "properties": { "municipio_id": 6539, "municipio_nombre": "Merlo", "localidad": "Pontevedra", "dependencia": "Comisaría Merlo 5°", "telefono": "0220 - 4920222/ 4922580", "direccion": "Paraje San Pablo y De Berlín ", "latitud": -34.749305, "longitud": -58.699565 }, "geometry": { "type": "Point", "coordinates": [ -58.699565, -34.749305 ] } },
{ "type": "Feature", "properties": { "municipio_id": 6539, "municipio_nombre": "Merlo", "localidad": "Mariano Acosta", "dependencia": "Comisaría Merlo 6°", "telefono": "0220 - 4894061", "direccion": "Av. Ricardo Balbín N° 9100 ", "latitud": -34.73403809, "longitud": -58.79988715 }, "geometry": { "type": "Point", "coordinates": [ -58.79988715, -34.73403809 ] } },
{ "type": "Feature", "properties": { "municipio_id": 6539, "municipio_nombre": "Merlo", "localidad": "Libertad", "dependencia": "Comisaría Merlo 4°", "telefono": "0220 - 4941214/ 4970499", "direccion": "Av. Morotti y Colombia ", "latitud": -34.695996, "longitud": -58.690079 }, "geometry": { "type": "Point", "coordinates": [ -58.690079, -34.695996 ] } },
{ "type": "Feature", "properties": { "municipio_id": 6539, "municipio_nombre": "Merlo", "localidad": "Parque San Martín", "dependencia": "Comisaría Merlo 3°", "telefono": "0220 - 4808744/6011", "direccion": "San Martín y Murray ", "latitud": -34.686649, "longitud": -58.731751 }, "geometry": { "type": "Point", "coordinates": [ -58.731751, -34.686649 ] } },
{ "type": "Feature", "properties": { "municipio_id": 6539, "municipio_nombre": "Merlo", "localidad": "Merlo", "dependencia": "Comisaría Merlo 1°", "telefono": "0220 - 4820028/1113", "direccion": "Libertador N° 368 y Chacabuco ", "latitud": -34.670448, "longitud": -58.725271 }, "geometry": { "type": "Point", "coordinates": [ -58.725271, -34.670448 ] } },
{ "type": "Feature", "properties": { "municipio_id": 6539, "municipio_nombre": "Merlo", "localidad": "San Antonio de Padua", "dependencia": "Comisaría Merlo 2°", "telefono": "0220 - 4832222/ 4852267", "direccion": "Directorio N° 236 e/ Chaco y Chubut ", "latitud": -34.667101, "longitud": -58.696325 }, "geometry": { "type": "Point", "coordinates": [ -58.696325, -34.667101 ] } },
{ "type": "Feature", "properties": { "municipio_id": 6539, "municipio_nombre": "Merlo", "localidad": "Barrio Matera", "dependencia": "Subcomisaría Matera", "telefono": "0220 – 4808727/ 4804242", "direccion": "Alem N° 5802 y Arredondo ", "latitud": null, "longitud": null }, "geometry": null },
{ "type": "Feature", "properties": { "municipio_id": 6547, "municipio_nombre": "Monte", "localidad": "San Miguel del Monte", "dependencia": "Estación Policía Comunal San Miguel del Monte", "telefono": "02271 – 420111/ 420543", "direccion": "Zenón Videla Dorna N° 630 ", "latitud": -35.4397553, "longitud": -58.8050562 }, "geometry": { "type": "Point", "coordinates": [ -58.8050562, -35.4397553 ] } },
{ "type": "Feature", "properties": { "municipio_id": 6553, "municipio_nombre": "Monte Hermoso", "localidad": "Monte Hermoso", "dependencia": "Estación Policía Comunal Monte Hermoso", "telefono": "02921 - 481066/ 482314", "direccion": "Mendoza y San Martín ", "latitud": -38.981366, "longitud": -61.291117 }, "geometry": { "type": "Point", "coordinates": [ -61.291117, -38.981366 ] } },
{ "type": "Feature", "properties": { "municipio_id": 6560, "municipio_nombre": "Moreno", "localidad": "Paso del Rey", "dependencia": "Comisaría Moreno 5°", "telefono": "0237 - 4636249", "direccion": "Alcorta N° 259 ", "latitud": -34.65873041, "longitud": -58.75952193 }, "geometry": { "type": "Point", "coordinates": [ -58.75952193, -34.65873041 ] } },
{ "type": "Feature", "properties": { "municipio_id": 6560, "municipio_nombre": "Moreno", "localidad": "Moreno", "dependencia": "Comisaría Moreno 1°", "telefono": "0237 - 4639030", "direccion": "Merlo N° 588 ", "latitud": -34.65034878, "longitud": -58.78063258 }, "geometry": { "type": "Point", "coordinates": [ -58.78063258, -34.65034878 ] } },
{ "type": "Feature", "properties": { "municipio_id": 6560, "municipio_nombre": "Moreno", "localidad": "Villa Zapiola", "dependencia": "Comisaría Moreno 3°", "telefono": "0237 – 4632366/ 4624398/ 4636151", "direccion": "Zapiola y Dastugue ", "latitud": null, "longitud": null }, "geometry": null },
{ "type": "Feature", "properties": { "municipio_id": 6560, "municipio_nombre": "Moreno", "localidad": "La Reja", "dependencia": "Comisaría Moreno 7°", "telefono": "0237 - 4628186", "direccion": "Rubén Darío N° 74 ", "latitud": -34.640504, "longitud": -58.82927435 }, "geometry": { "type": "Point", "coordinates": [ -58.82927435, -34.640504 ] } },
{ "type": "Feature", "properties": { "municipio_id": 6560, "municipio_nombre": "Moreno", "localidad": "Trujui", "dependencia": "Comisaría Moreno 2°", "telefono": "0237 – 4813885/ 3171", "direccion": "Cervantes y Joaquín V. González N° 1336 ", "latitud": -34.582627, "longitud": -58.750882 }, "geometry": { "type": "Point", "coordinates": [ -58.750882, -34.582627 ] } },
{ "type": "Feature", "properties": { "municipio_id": 6560, "municipio_nombre": "Moreno", "localidad": "Cuartel V", "dependencia": "Comisaría Moreno 4°", "telefono": "02320 - 453697", "direccion": "Ruta 24 esquina Gutemberg ", "latitud": -34.547427, "longitud": -58.812857 }, "geometry": { "type": "Point", "coordinates": [ -58.812857, -34.547427 ] } },
{ "type": "Feature", "properties": { "municipio_id": 6560, "municipio_nombre": "Moreno", "localidad": "Francisco Álvarez", "dependencia": "Comisaría Moreno 6°", "telefono": "0237 - 4871325", "direccion": "Plaza y S. de Mayo ", "latitud": null, "longitud": null }, "geometry": null },
{ "type": "Feature", "properties": { "municipio_id": 6560, "municipio_nombre": "Moreno", "localidad": "Las Catonas", "dependencia": "Comisaría Moreno 8°", "telefono": "0237 – 4815205/ 4610333", "direccion": "R. N. 23 y Roma, Manzana 7 ", "latitud": null, "longitud": null }, "geometry": null },
{ "type": "Feature", "properties": { "municipio_id": 6568, "municipio_nombre": "Morón", "localidad": "Morón", "dependencia": "Comisaría Morón 1° (Centro)", "telefono": "011 - 46293333/ 44893869", "direccion": "Bartolomé Mitre N° 939 ", "latitud": -34.6525653, "longitud": -58.62181285 }, "geometry": { "type": "Point", "coordinates": [ -58.62181285, -34.6525653 ] } },
{ "type": "Feature", "properties": { "municipio_id": 6568, "municipio_nombre": "Morón", "localidad": "Haedo", "dependencia": "Comisaría Morón 2°", "telefono": "011 - 46594444/ 3333", "direccion": "Tacuarí N° 690 ", "latitud": -34.64650118, "longitud": -58.58319691 }, "geometry": { "type": "Point", "coordinates": [ -58.58319691, -34.64650118 ] } },
{ "type": "Feature", "properties": { "municipio_id": 6568, "municipio_nombre": "Morón", "localidad": "Castelar", "dependencia": "Comisaría Morón 7°", "telefono": "011 - 46231043/ 0584", "direccion": "Leandro N. Alem N° 2740 ", "latitud": -34.64220745, "longitud": -58.6454076 }, "geometry": { "type": "Point", "coordinates": [ -58.6454076, -34.64220745 ] } },
{ "type": "Feature", "properties": { "municipio_id": 6568, "municipio_nombre": "Morón", "localidad": "Villa Sarmiento", "dependencia": "Comisaría Morón 5°", "telefono": "011 - 46580130/ 46549841/ 46560550", "direccion": "Tres de Febrero N° 908 ", "latitud": null, "longitud": null }, "geometry": null },
{ "type": "Feature", "properties": { "municipio_id": 6568, "municipio_nombre": "Morón", "localidad": "Gervasio Pavón", "dependencia": "Comisaría Morón 4°", "telefono": "011 - 46972944/  6531", "direccion": "Felipe Vallese N° 1079 y Avda. Eva Perón ", "latitud": null, "longitud": null }, "geometry": null },
{ "type": "Feature", "properties": { "municipio_id": 6568, "municipio_nombre": "Morón", "localidad": "Castelar Sur", "dependencia": "Comisaría Morón 3°", "telefono": "011 - 46293344/  4444", "direccion": "Libertador N° 654 y Rocha ", "latitud": null, "longitud": null }, "geometry": null },
{ "type": "Feature", "properties": { "municipio_id": 6568, "municipio_nombre": "Morón", "localidad": "El Palomar", "dependencia": "Comisaría Morón 6°", "telefono": "011 - 45133480/ 3061", "direccion": "Tte. Galán N° 665 ", "latitud": null, "longitud": null }, "geometry": null },
{ "type": "Feature", "properties": { "municipio_id": 6574, "municipio_nombre": "Navarro", "localidad": "Navarro", "dependencia": "Estación Policía Comunal Navarro", "telefono": "02272 - 430249", "direccion": "Bartolomé Mitre N° 580 ", "latitud": -35.005587, "longitud": -59.2749425 }, "geometry": { "type": "Point", "coordinates": [ -59.2749425, -35.005587 ] } },
{ "type": "Feature", "properties": { "municipio_id": 6581, "municipio_nombre": "Necochea", "localidad": "Necochea", "dependencia": "Comisaría Necochea 3°", "telefono": "02262 - 425413", "direccion": "Calle 8 N° 4157 ", "latitud": -38.5801309, "longitud": -58.73139881 }, "geometry": { "type": "Point", "coordinates": [ -58.73139881, -38.5801309 ] } },
{ "type": "Feature", "properties": { "municipio_id": 6581, "municipio_nombre": "Necochea", "localidad": "Quequén", "dependencia": "Comisaría Necochea 2°", "telefono": "02262 – 452508/ 450512/ 450008", "direccion": "Calle 527 N° 2448 ", "latitud": -38.55575925, "longitud": -58.70879251 }, "geometry": { "type": "Point", "coordinates": [ -58.70879251, -38.55575925 ] } },
{ "type": "Feature", "properties": { "municipio_id": 6581, "municipio_nombre": "Necochea", "localidad": "J. Fernández", "dependencia": "Subcomisaría J. Fernández", "telefono": "02264 - 498204", "direccion": "Calle 26 N° 1769 ", "latitud": -38.01068905, "longitud": -59.26380637 }, "geometry": { "type": "Point", "coordinates": [ -59.26380637, -38.01068905 ] } },
{ "type": "Feature", "properties": { "municipio_id": 6581, "municipio_nombre": "Necochea", "localidad": "Necochea", "dependencia": "Comisaría Necochea 1°", "telefono": "02262 – 422039/ 425473", "direccion": "Av. 58 N° 3066 ", "latitud": null, "longitud": null }, "geometry": null },
{ "type": "Feature", "properties": { "municipio_id": 6595, "municipio_nombre": "Olavarría", "localidad": "Loma Negra", "dependencia": "Subcomisaría Loma Negra", "telefono": "02284 - 493029", "direccion": "Av. Luciano Fortabat N° 1593 ", "latitud": -36.9874822, "longitud": -60.2780268 }, "geometry": { "type": "Point", "coordinates": [ -60.2780268, -36.9874822 ] } },
{ "type": "Feature", "properties": { "municipio_id": 6595, "municipio_nombre": "Olavarría", "localidad": "Sierras Bayas", "dependencia": "Subcomisaría Sierras Bayas", "telefono": "02284 - 492120", "direccion": "San Martín N° 2160 ", "latitud": -36.9374601, "longitud": -60.1560947 }, "geometry": { "type": "Point", "coordinates": [ -60.1560947, -36.9374601 ] } },
{ "type": "Feature", "properties": { "municipio_id": 6595, "municipio_nombre": "Olavarría", "localidad": "Olavarría", "dependencia": "Comisaría Olavarría 2°", "telefono": "02284 – 427189/ 422055", "direccion": "San Martín N° 3846 ", "latitud": -36.90104655, "longitud": -60.31384528 }, "geometry": { "type": "Point", "coordinates": [ -60.31384528, -36.90104655 ] } },
{ "type": "Feature", "properties": { "municipio_id": 6595, "municipio_nombre": "Olavarría", "localidad": "Olavarría", "dependencia": "Comisaría Olavarría 1°", "telefono": "02284 – 423968/ 422274", "direccion": "Belgrano N° 2439 ", "latitud": -36.8906071, "longitud": -60.3242851 }, "geometry": { "type": "Point", "coordinates": [ -60.3242851, -36.8906071 ] } },
{ "type": "Feature", "properties": { "municipio_id": 6595, "municipio_nombre": "Olavarría", "localidad": "Hinojo", "dependencia": "Subcomisaría Hinojo", "telefono": "02284 - 491004", "direccion": "Crotto e/ 11 y Libertad ", "latitud": -36.8653294, "longitud": -60.15878266 }, "geometry": { "type": "Point", "coordinates": [ -60.15878266, -36.8653294 ] } },
{ "type": "Feature", "properties": { "municipio_id": 6602, "municipio_nombre": "Patagones", "localidad": "Carmen de Patagones", "dependencia": "Estación Policía Comunal Carmen de Patagones", "telefono": "02920 - 464037/ 463885", "direccion": "Comodoro Rivadavia N° 574 ", "latitud": -40.7961041, "longitud": -62.9785686 }, "geometry": { "type": "Point", "coordinates": [ -62.9785686, -40.7961041 ] } },
{ "type": "Feature", "properties": { "municipio_id": 6602, "municipio_nombre": "Patagones", "localidad": "Villalonga", "dependencia": "Subestación Policía Comunal Villalonga", "telefono": "02928 – 492016/ 492221", "direccion": "Hipólito Irigoyen N° 167 ", "latitud": null, "longitud": null }, "geometry": null },
{ "type": "Feature", "properties": { "municipio_id": 6609, "municipio_nombre": "Pehuajó", "localidad": "Juan José Paso", "dependencia": "Subestación Policía Comunal Tte. 1° L. Rodríguez", "telefono": "02396 - 498068", "direccion": "Pellegrini N° 115 ", "latitud": null, "longitud": null }, "geometry": null },
{ "type": "Feature", "properties": { "municipio_id": 6609, "municipio_nombre": "Pehuajó", "localidad": "Pehuajó", "dependencia": "Estación Policía Comunal Pehuajó", "telefono": "02396 – 477002/ 470260/ 473073", "direccion": "Aristóbulo del Valle N° 550 ", "latitud": -35.80991515, "longitud": -61.89794197 }, "geometry": { "type": "Point", "coordinates": [ -61.89794197, -35.80991515 ] } },
{ "type": "Feature", "properties": { "municipio_id": 6609, "municipio_nombre": "Pehuajó", "localidad": "Mones Cazón", "dependencia": "Subestación Policía Comunal Mones Cazón", "telefono": "02396 - 496133", "direccion": "Gobernador Arias N° 355 ", "latitud": null, "longitud": null }, "geometry": null },
{ "type": "Feature", "properties": { "municipio_id": 6616, "municipio_nombre": "Pellegrini", "localidad": "Pellegrini", "dependencia": "Comisaría Pellegrini", "telefono": "02392 - 498113/ 498292/ 498135", "direccion": "Moreno N° 392 ", "latitud": -36.26804975, "longitud": -63.16661499 }, "geometry": { "type": "Point", "coordinates": [ -63.16661499, -36.26804975 ] } },
{ "type": "Feature", "properties": { "municipio_id": 6623, "municipio_nombre": "Pergamino", "localidad": "Pergamino", "dependencia": "Comisaría Pergamino 2°", "telefono": "02477 - 426584/ 426194", "direccion": "Juan B. Justo N° 1986 ", "latitud": -33.9112992, "longitud": -60.5826226 }, "geometry": { "type": "Point", "coordinates": [ -60.5826226, -33.9112992 ] } },
{ "type": "Feature", "properties": { "municipio_id": 6623, "municipio_nombre": "Pergamino", "localidad": "Pergamino", "dependencia": "Comisaría Pergamino 1°", "telefono": "02477 - 440357", "direccion": "Dorrego N° 636 ", "latitud": -33.8968049, "longitud": -60.57469481 }, "geometry": { "type": "Point", "coordinates": [ -60.57469481, -33.8968049 ] } },
{ "type": "Feature", "properties": { "municipio_id": 6623, "municipio_nombre": "Pergamino", "localidad": "Pergamino", "dependencia": "Comisaría Pergamino 3°", "telefono": "02477 - 425645/ 426675", "direccion": "Merlino y Boulevard Paraguay N° 869 ", "latitud": -33.881879, "longitud": -60.571167 }, "geometry": { "type": "Point", "coordinates": [ -60.571167, -33.881879 ] } },
{ "type": "Feature", "properties": { "municipio_id": 6630, "municipio_nombre": "Pila", "localidad": "Pila", "dependencia": "Estación Policía Comunal Pila", "telefono": "02242 - 498231", "direccion": "Calle 7 e/ 4 y 6 ", "latitud": -36.005283, "longitud": -58.139262 }, "geometry": { "type": "Point", "coordinates": [ -58.139262, -36.005283 ] } },
{ "type": "Feature", "properties": { "municipio_id": 6638, "municipio_nombre": "Pilar", "localidad": "Derqui", "dependencia": "Comisaría Pilar 2°", "telefono": "02322 - 485101/ 514/ 485514", "direccion": "Av. de Mayo y Dorrego N° 507 ", "latitud": -34.49102902, "longitud": -58.84312232 }, "geometry": { "type": "Point", "coordinates": [ -58.84312232, -34.49102902 ] } },
{ "type": "Feature", "properties": { "municipio_id": 6638, "municipio_nombre": "Pilar", "localidad": "Manuel Alberti", "dependencia": "Comisaría Pilar 4°", "telefono": "02320 - 471700/473111", "direccion": "Santa Rita y Paulet ", "latitud": -34.45855237, "longitud": -58.77607337 }, "geometry": { "type": "Point", "coordinates": [ -58.77607337, -34.45855237 ] } },
{ "type": "Feature", "properties": { "municipio_id": 6638, "municipio_nombre": "Pilar", "localidad": "Del Viso", "dependencia": "Comisaría Pilar 3°", "telefono": "02320 - 475101", "direccion": "Rosalía Castro N° 6645 ", "latitud": -34.45690805, "longitud": -58.79443135 }, "geometry": { "type": "Point", "coordinates": [ -58.79443135, -34.45690805 ] } },
{ "type": "Feature", "properties": { "municipio_id": 6638, "municipio_nombre": "Pilar", "localidad": "Pilar", "dependencia": "Comisaría Pilar 1°", "telefono": "02322 - 430041/ 430130", "direccion": "Tucumán N° 575 ", "latitud": -34.45552625, "longitud": -58.91292934 }, "geometry": { "type": "Point", "coordinates": [ -58.91292934, -34.45552625 ] } },
{ "type": "Feature", "properties": { "municipio_id": 6638, "municipio_nombre": "Pilar", "localidad": "Del Viso", "dependencia": "Comisaría Pilar 7°", "telefono": "02320 - 472000/ 401105", "direccion": "Los Jacintos N° 736 ", "latitud": -34.4383255, "longitud": -58.78981781 }, "geometry": { "type": "Point", "coordinates": [ -58.78981781, -34.4383255 ] } },
{ "type": "Feature", "properties": { "municipio_id": 6638, "municipio_nombre": "Pilar", "localidad": "Villa Rosa", "dependencia": "Comisaría Pilar 6°", "telefono": "02322 - 495101/ 495113", "direccion": "Lamas y Pellegrini ", "latitud": -34.41695674, "longitud": -58.86864918 }, "geometry": { "type": "Point", "coordinates": [ -58.86864918, -34.41695674 ] } },
{ "type": "Feature", "properties": { "municipio_id": 6638, "municipio_nombre": "Pilar", "localidad": "Pilar", "dependencia": "Comisaría Pilar 5°", "telefono": "02320 - 4481966/4481999", "direccion": "Ruta 8 y Cruce a Derqui ", "latitud": null, "longitud": null }, "geometry": null },
{ "type": "Feature", "properties": { "municipio_id": 6644, "municipio_nombre": "Pinamar", "localidad": "Ostende", "dependencia": "Estación Policía Comunal Pinamar Sec. 2°", "telefono": "02254 - 491226/ 224", "direccion": "Boulevard Anspach y Víctor Hugo ", "latitud": null, "longitud": null }, "geometry": null },
{ "type": "Feature", "properties": { "municipio_id": 6644, "municipio_nombre": "Pinamar", "localidad": "Cariló", "dependencia": "Estación Policía Comunal Pinamar Sec. 4° Cariló", "telefono": "02254 - 470537/ 491213", "direccion": "Constancia y Ruta 11 Km 403 ", "latitud": null, "longitud": null }, "geometry": null },
{ "type": "Feature", "properties": { "municipio_id": 6644, "municipio_nombre": "Pinamar", "localidad": "Valeria del Mar", "dependencia": "Estación Policía Comunal Pinamar Sec. 3° Valeria del Mar", "telefono": "02254 - 491211/ 214", "direccion": "Corbeta Julieta y Bathurst ", "latitud": null, "longitud": null }, "geometry": null },
{ "type": "Feature", "properties": { "municipio_id": 6644, "municipio_nombre": "Pinamar", "localidad": "Pinamar", "dependencia": "Estación Policía Comunal Pinamar Sec. 1°", "telefono": "02254 - 491204/ 03/ 01/ 02", "direccion": "Júpiter y Bunge ", "latitud": null, "longitud": null }, "geometry": null },
{ "type": "Feature", "properties": { "municipio_id": 6648, "municipio_nombre": "Presidente Perón", "localidad": "Guernica", "dependencia": "Comisaría Presidente Perón", "telefono": "02224 – 471206/ 0908", "direccion": "Calle 9 y 35 ", "latitud": -34.92854444, "longitud": -58.37038699 }, "geometry": { "type": "Point", "coordinates": [ -58.37038699, -34.92854444 ] } },
{ "type": "Feature", "properties": { "municipio_id": 6651, "municipio_nombre": "Puán", "localidad": "Darragueira", "dependencia": "Estación Policía Comunal Puan 2°", "telefono": "02924 - 420010", "direccion": "España N° 258 ", "latitud": -37.6896711, "longitud": -63.1603466 }, "geometry": { "type": "Point", "coordinates": [ -63.1603466, -37.6896711 ] } },
{ "type": "Feature", "properties": { "municipio_id": 6651, "municipio_nombre": "Puán", "localidad": "Puan", "dependencia": "Estación Policía Comunal Puan 1°", "telefono": "02923 - 498614/ 498688", "direccion": "San Martín N° 651 ", "latitud": -37.5482904, "longitud": -62.7675696 }, "geometry": { "type": "Point", "coordinates": [ -62.7675696, -37.5482904 ] } },
{ "type": "Feature", "properties": { "municipio_id": 6651, "municipio_nombre": "Puán", "localidad": "Villa Iris", "dependencia": "Subestación Policía Comunal Villa Iris", "telefono": "02925 - 432208", "direccion": "Calle 25 de Mayo N° 145 ", "latitud": null, "longitud": null }, "geometry": null },
{ "type": "Feature", "properties": { "municipio_id": 6655, "municipio_nombre": "Punta Indio", "localidad": "Verónica", "dependencia": "Estación Policía Comunal Punta Indio", "telefono": "02221 - 481366/ 1777/ 0440", "direccion": "Calle 34 esquina 23 ", "latitud": -35.38708, "longitud": -57.343012 }, "geometry": { "type": "Point", "coordinates": [ -57.343012, -35.38708 ] } },
{ "type": "Feature", "properties": { "municipio_id": 6658, "municipio_nombre": "Quilmes", "localidad": "San Francisco Solano", "dependencia": "Comisaría Quilmes 4°", "telefono": "011 – 42120105/ 2273/ 2249", "direccion": "Calle 845 e/ 893 y 894 N° 2235 ", "latitud": -34.778595, "longitud": -58.308156 }, "geometry": { "type": "Point", "coordinates": [ -58.308156, -34.778595 ] } },
{ "type": "Feature", "properties": { "municipio_id": 6658, "municipio_nombre": "Quilmes", "localidad": "Ezpeleta", "dependencia": "Comisaría Quilmes 6°", "telefono": "011 - 42561144/ 42161876", "direccion": "Cuenca N° 6155 ", "latitud": -34.7493241, "longitud": -58.23243954 }, "geometry": { "type": "Point", "coordinates": [ -58.23243954, -34.7493241 ] } },
{ "type": "Feature", "properties": { "municipio_id": 6658, "municipio_nombre": "Quilmes", "localidad": "Quilmes Oeste", "dependencia": "Comisaría Quilmes 3°", "telefono": "011 – 42248477/ 7939", "direccion": "Calle 12 de Octubre N° 55 ", "latitud": -34.73976232, "longitud": -58.2843566 }, "geometry": { "type": "Point", "coordinates": [ -58.2843566, -34.73976232 ] } },
{ "type": "Feature", "properties": { "municipio_id": 6658, "municipio_nombre": "Quilmes", "localidad": " Bernal", "dependencia": "Comisaría Quilmes 5°", "telefono": "011 - 42511845/ 8146/ 6853", "direccion": "Jujuy y Mosconi ", "latitud": -34.731742, "longitud": -58.303145 }, "geometry": { "type": "Point", "coordinates": [ -58.303145, -34.731742 ] } },
{ "type": "Feature", "properties": { "municipio_id": 6658, "municipio_nombre": "Quilmes", "localidad": "Quilmes", "dependencia": "Comisaría Quilmes 7°", "telefono": "011 - 42700310", "direccion": "Pampa y 172", "latitud": -34.72225591, "longitud": -58.32117105 }, "geometry": { "type": "Point", "coordinates": [ -58.32117105, -34.72225591 ] } },
{ "type": "Feature", "properties": { "municipio_id": 6658, "municipio_nombre": "Quilmes", "localidad": "Quilmes", "dependencia": "Comisaría Quilmes 1°", "telefono": "011 - 42542724", "direccion": "Alem y Sarmiento ", "latitud": -34.720874, "longitud": -58.253245 }, "geometry": { "type": "Point", "coordinates": [ -58.253245, -34.720874 ] } },
{ "type": "Feature", "properties": { "municipio_id": 6658, "municipio_nombre": "Quilmes", "localidad": "Bernal", "dependencia": "Comisaría Quilmes 2°", "telefono": "011 – 42518148/ 1788", "direccion": "Calle 25 de Mayo N° 87 ", "latitud": -34.710424, "longitud": -58.283093 }, "geometry": { "type": "Point", "coordinates": [ -58.283093, -34.710424 ] } },
{ "type": "Feature", "properties": { "municipio_id": 6658, "municipio_nombre": "Quilmes", "localidad": "Barrio Parque Bernal", "dependencia": "Comisaría Quilmes 8°", "telefono": "011 - 42521607", "direccion": "Paraná N° 230 ", "latitud": -34.70920232, "longitud": -58.27122686 }, "geometry": { "type": "Point", "coordinates": [ -58.27122686, -34.70920232 ] } },
{ "type": "Feature", "properties": { "municipio_id": 6658, "municipio_nombre": "Quilmes", "localidad": "Don Bosco", "dependencia": "Subcomisaría Don Bosco", "telefono": "011 – 42517562/ 42522701", "direccion": "Pilcomayo N° 69 e/ Maipú y Ayacucho ", "latitud": -34.703719, "longitud": -58.301602 }, "geometry": { "type": "Point", "coordinates": [ -58.301602, -34.703719 ] } },
{ "type": "Feature", "properties": { "municipio_id": 6658, "municipio_nombre": "Quilmes", "localidad": "Barrio P. Calchaquí", "dependencia": "Comisaría Quilmes 9°", "telefono": "011 - 42009000/ 8155", "direccion": "Calle 336 e/ 382 y 383 ", "latitud": null, "longitud": null }, "geometry": null },
{ "type": "Feature", "properties": { "municipio_id": 6665, "municipio_nombre": "Ramallo", "localidad": "Pérez Millán", "dependencia": "Subcomisaría Pérez Millán", "telefono": "03329 - 492032", "direccion": "Av. Manfredi S/N ", "latitud": -33.76599782, "longitud": -60.09061485 }, "geometry": { "type": "Point", "coordinates": [ -60.09061485, -33.76599782 ] } },
{ "type": "Feature", "properties": { "municipio_id": 6665, "municipio_nombre": "Ramallo", "localidad": "Villa Ramallo", "dependencia": "Comisaría Ramallo 2°", "telefono": "03407 - 488333/ 489552", "direccion": "Velázquez N° 847 ", "latitud": -33.49724355, "longitud": -60.05959024 }, "geometry": { "type": "Point", "coordinates": [ -60.05959024, -33.49724355 ] } },
{ "type": "Feature", "properties": { "municipio_id": 6665, "municipio_nombre": "Ramallo", "localidad": "Ramallo", "dependencia": "Comisaría Ramallo 1°", "telefono": "03407 - 421333/ 422551", "direccion": "Belgrano N° 652 ", "latitud": -33.4851741, "longitud": -60.00688689 }, "geometry": { "type": "Point", "coordinates": [ -60.00688689, -33.4851741 ] } },
{ "type": "Feature", "properties": { "municipio_id": 6672, "municipio_nombre": "Rauch", "localidad": "Rauch", "dependencia": "Estación Policía Comunal Rauch", "telefono": "02297 - 442063", "direccion": "Belgrano N° 191 ", "latitud": -36.776073, "longitud": -59.0858579 }, "geometry": { "type": "Point", "coordinates": [ -59.0858579, -36.776073 ] } },
{ "type": "Feature", "properties": { "municipio_id": 6679, "municipio_nombre": "Rivadavia", "localidad": "Rivadavia", "dependencia": "Comisaría Rivadavia", "telefono": "02337 - 454030/ 453164", "direccion": "Marcos Cachau N° 72 ", "latitud": -35.48970203, "longitud": -62.97526827 }, "geometry": { "type": "Point", "coordinates": [ -62.97526827, -35.48970203 ] } },
{ "type": "Feature", "properties": { "municipio_id": 6686, "municipio_nombre": "Rojas", "localidad": "Rojas", "dependencia": "Estación Policía Comunal Rojas", "telefono": "02475 - 463008/ 463364", "direccion": "Alem N° 637 ", "latitud": -34.2006153, "longitud": -60.7355189 }, "geometry": { "type": "Point", "coordinates": [ -60.7355189, -34.2006153 ] } },
{ "type": "Feature", "properties": { "municipio_id": 6693, "municipio_nombre": "Roque Pérez", "localidad": "Roque Pérez", "dependencia": "Estación Policía Comunal Roque Pérez", "telefono": "02227 - 491013/ 14", "direccion": "Belgrano N° 199 ", "latitud": -35.40323872, "longitud": -59.34029305 }, "geometry": { "type": "Point", "coordinates": [ -59.34029305, -35.40323872 ] } },
{ "type": "Feature", "properties": { "municipio_id": 6700, "municipio_nombre": "Saavedra", "localidad": "Pigüé", "dependencia": "Comisaría Saavedra 1° (Pigüé)", "telefono": "02923 – 472103", "direccion": "Urquiza N° 376 ", "latitud": -37.6069284, "longitud": -62.4070021 }, "geometry": { "type": "Point", "coordinates": [ -62.4070021, -37.6069284 ] } },
{ "type": "Feature", "properties": { "municipio_id": 6700, "municipio_nombre": "Saavedra", "localidad": "Saavedra", "dependencia": "Comisaría Saavedra 2°", "telefono": "02923 - 497110", "direccion": "San Martín N° 493 e/ Maipú y Pellegrini ", "latitud": -37.60627971, "longitud": -62.40863271 }, "geometry": { "type": "Point", "coordinates": [ -62.40863271, -37.60627971 ] } },
{ "type": "Feature", "properties": { "municipio_id": 6707, "municipio_nombre": "Saladillo", "localidad": "Saladillo", "dependencia": "Comisaría Saladillo", "telefono": "02344 - 450019", "direccion": "Álvarez Toledo N° 3151 ", "latitud": -35.62980718, "longitud": -59.76721651 }, "geometry": { "type": "Point", "coordinates": [ -59.76721651, -35.62980718 ] } },
{ "type": "Feature", "properties": { "municipio_id": 6721, "municipio_nombre": "Salliqueló", "localidad": "Salliqueló", "dependencia": "Comisaría Salliqueló", "telefono": "02394 - 480013/ 480035", "direccion": "Calle 9 de Julio N° 372 ", "latitud": null, "longitud": null }, "geometry": null },
{ "type": "Feature", "properties": { "municipio_id": 6714, "municipio_nombre": "Salto", "localidad": "Salto", "dependencia": "Estación Policía Comunal Salto", "telefono": "02474 - 422474 / 422357", "direccion": "Alvear N° 44 ", "latitud": -34.29260538, "longitud": -60.2550376 }, "geometry": { "type": "Point", "coordinates": [ -60.2550376, -34.29260538 ] } },
{ "type": "Feature", "properties": { "municipio_id": 6728, "municipio_nombre": "San Andrés de Giles", "localidad": "San Andrés de Giles", "dependencia": "Comisaría San Andrés de Giles", "telefono": "02325 - 442222/ 442187", "direccion": "Calle 25 de Mayo N° 860 ", "latitud": null, "longitud": null }, "geometry": null },
{ "type": "Feature", "properties": { "municipio_id": 6735, "municipio_nombre": "San Antonio de Areco", "localidad": "San Antonio de Areco", "dependencia": "Estación Policía Comunal San Antonio de Areco", "telefono": "02326 - 456021", "direccion": "Alsina N° 114 ", "latitud": -34.26008105, "longitud": -59.4693932 }, "geometry": { "type": "Point", "coordinates": [ -59.4693932, -34.26008105 ] } },
{ "type": "Feature", "properties": { "municipio_id": 6742, "municipio_nombre": "San Cayetano", "localidad": "San Cayetano", "dependencia": "Estación Policía Comunal San Cayetano", "telefono": "02983 - 470113", "direccion": "San Martín N° 459 ", "latitud": null, "longitud": null }, "geometry": null },
{ "type": "Feature", "properties": { "municipio_id": 6749, "municipio_nombre": "San Fernando", "localidad": "Virreyes Oeste", "dependencia": "Comisaría San Fernando 4°", "telefono": "011 - 45800801/ 03/ 02", "direccion": "Miguel Cané N° 4675 ", "latitud": -34.4640885, "longitud": -58.5839746 }, "geometry": { "type": "Point", "coordinates": [ -58.5839746, -34.4640885 ] } },
{ "type": "Feature", "properties": { "municipio_id": 6749, "municipio_nombre": "San Fernando", "localidad": "Victoria", "dependencia": "Comisaría San Fernando 3°", "telefono": "011 - 45800885/ 04/ 82/ 05", "direccion": "Lavalle N° 3129 ", "latitud": -34.4552574, "longitud": -58.5419975 }, "geometry": { "type": "Point", "coordinates": [ -58.5419975, -34.4552574 ] } },
{ "type": "Feature", "properties": { "municipio_id": 6749, "municipio_nombre": "San Fernando", "localidad": "Virreyes", "dependencia": "Comisaría San Fernando 2°", "telefono": "011 - 45800887/ 0806/ 0881", "direccion": "Sobremonte N° 2531 ", "latitud": -34.4546756, "longitud": -58.55261645 }, "geometry": { "type": "Point", "coordinates": [ -58.55261645, -34.4546756 ] } },
{ "type": "Feature", "properties": { "municipio_id": 6749, "municipio_nombre": "San Fernando", "localidad": "San Fernando", "dependencia": "Comisaría San Fernando 1°", "telefono": "011 – 45800884/ 0808/ 0809/ 0883", "direccion": "Presidente Perón N° 1052 ", "latitud": -34.44601974, "longitud": -58.54862623 }, "geometry": { "type": "Point", "coordinates": [ -58.54862623, -34.44601974 ] } },
{ "type": "Feature", "properties": { "municipio_id": 6756, "municipio_nombre": "San Isidro", "localidad": "Villa Adelina", "dependencia": "Comisaría San Isidro 8°", "telefono": "011 - 45804455/ 59", "direccion": "Islas Malvinas y Ortiz ", "latitud": null, "longitud": null }, "geometry": null },
{ "type": "Feature", "properties": { "municipio_id": 6756, "municipio_nombre": "San Isidro", "localidad": "San Isidro", "dependencia": "Comisaría San Isidro 10°", "telefono": "011 – 47174284/ 4342", "direccion": "Hipólito Irigoyen N° 2474 ", "latitud": -34.501834, "longitud": -58.52733 }, "geometry": { "type": "Point", "coordinates": [ -58.52733, -34.501834 ] } },
{ "type": "Feature", "properties": { "municipio_id": 6756, "municipio_nombre": "San Isidro", "localidad": "Boulogne", "dependencia": "Comisaría San Isidro 3°", "telefono": "011 - 45804461/ 68/ 67", "direccion": "Avelino Rolón N° 2343 ", "latitud": -34.49440655, "longitud": -58.55095435 }, "geometry": { "type": "Point", "coordinates": [ -58.55095435, -34.49440655 ] } },
{ "type": "Feature", "properties": { "municipio_id": 6756, "municipio_nombre": "San Isidro", "localidad": "Martínez", "dependencia": "Comisaría San Isidro 2°", "telefono": "011 - 45122342/ 2442/ 8084", "direccion": "Italia N° 1969 ", "latitud": -34.49052631, "longitud": -58.50341511 }, "geometry": { "type": "Point", "coordinates": [ -58.50341511, -34.49052631 ] } },
{ "type": "Feature", "properties": { "municipio_id": 6756, "municipio_nombre": "San Isidro", "localidad": "Las Barracas", "dependencia": "Comisaría San Isidro 4°", "telefono": "011 – 45122444/ 2216", "direccion": "Balcarce N° 2070 ", "latitud": -34.4850414, "longitud": -58.4899229 }, "geometry": { "type": "Point", "coordinates": [ -58.4899229, -34.4850414 ] } },
{ "type": "Feature", "properties": { "municipio_id": 6756, "municipio_nombre": "San Isidro", "localidad": "La Horqueta", "dependencia": "Comisaría San Isidro 9°", "telefono": "011 - 45804472", "direccion": "Real Morón y Panamericana ", "latitud": -34.485011, "longitud": -58.581054 }, "geometry": { "type": "Point", "coordinates": [ -58.581054, -34.485011 ] } },
{ "type": "Feature", "properties": { "municipio_id": 6756, "municipio_nombre": "San Isidro", "localidad": "Las Lomas San Isidro", "dependencia": "Comisaría San Isidro 7°", "telefono": "011 - 45130045/ 46/ 47", "direccion": "Diego Palma N° 1501 ", "latitud": -34.48044253, "longitud": -58.53552162 }, "geometry": { "type": "Point", "coordinates": [ -58.53552162, -34.48044253 ] } },
{ "type": "Feature", "properties": { "municipio_id": 6756, "municipio_nombre": "San Isidro", "localidad": "San Isidro", "dependencia": "Comisaría San Isidro 1°", "telefono": "011 – 45130058/ 59/ 12", "direccion": "Alsina N° 90 ", "latitud": -34.4727551, "longitud": -58.5165353 }, "geometry": { "type": "Point", "coordinates": [ -58.5165353, -34.4727551 ] } },
{ "type": "Feature", "properties": { "municipio_id": 6756, "municipio_nombre": "San Isidro", "localidad": "Beccar", "dependencia": "Comisaría San Isidro 11°", "telefono": "011 - 45130050/ 51", "direccion": "Av. Rolón N° 1500 ", "latitud": -34.4714333, "longitud": -58.5390053 }, "geometry": { "type": "Point", "coordinates": [ -58.5390053, -34.4714333 ] } },
{ "type": "Feature", "properties": { "municipio_id": 6756, "municipio_nombre": "San Isidro", "localidad": "Beccar", "dependencia": "Comisaría San Isidro 5°", "telefono": "011 – 45130013/ 55/ 56", "direccion": "Posadas N° 66 ", "latitud": -34.46215105, "longitud": -58.52705627 }, "geometry": { "type": "Point", "coordinates": [ -58.52705627, -34.46215105 ] } },
{ "type": "Feature", "properties": { "municipio_id": 6760, "municipio_nombre": "San Miguel", "localidad": "Bella Vista", "dependencia": "Comisaría San Miguel 2°", "telefono": "011 - 46667412", "direccion": "San Martín N° 1928 ", "latitud": null, "longitud": null }, "geometry": null },
{ "type": "Feature", "properties": { "municipio_id": 6760, "municipio_nombre": "San Miguel", "localidad": "San Miguel", "dependencia": "Comisaría San Miguel 1°", "telefono": "011 - 46649333/ 46644494", "direccion": "Alem N° 1857 y España ", "latitud": -34.541258, "longitud": -58.717059 }, "geometry": { "type": "Point", "coordinates": [ -58.717059, -34.541258 ] } },
{ "type": "Feature", "properties": { "municipio_id": 6760, "municipio_nombre": "San Miguel", "localidad": "San Miguel Oeste", "dependencia": "Comisaría San Miguel 3°", "telefono": "011 - 44557771/ 72", "direccion": "Irigoin N° 4480 ", "latitud": -34.53019517, "longitud": -58.71405175 }, "geometry": { "type": "Point", "coordinates": [ -58.71405175, -34.53019517 ] } },
{ "type": "Feature", "properties": { "municipio_id": 6763, "municipio_nombre": "San Nicolás", "localidad": "San Nicolás", "dependencia": "Comisaría San Nicolás 1°", "telefono": "03364 - 423126/ 425373", "direccion": "Rivadavia N° 71 ", "latitud": -33.33045323, "longitud": -60.21404502 }, "geometry": { "type": "Point", "coordinates": [ -60.21404502, -33.33045323 ] } },
{ "type": "Feature", "properties": { "municipio_id": 6763, "municipio_nombre": "San Nicolás", "localidad": "Siderurgia SOMISA", "dependencia": "Comisaría San Nicolás 2°", "telefono": "03364 - 462626/ 462431", "direccion": "Av. Central N° 2725 ", "latitud": -33.31280985, "longitud": -60.23498035 }, "geometry": { "type": "Point", "coordinates": [ -60.23498035, -33.31280985 ] } },
{ "type": "Feature", "properties": { "municipio_id": 6763, "municipio_nombre": "San Nicolás", "localidad": "San Nicolás", "dependencia": "Comisaría San Nicolás 3°", "telefono": "03364 - 429597/ 451520", "direccion": "Arturo Illia N° 790 Km 242 ", "latitud": null, "longitud": null }, "geometry": null },
{ "type": "Feature", "properties": { "municipio_id": 6770, "municipio_nombre": "San Pedro", "localidad": "San Pedro", "dependencia": "Comisaría San Pedro", "telefono": "03329 - 425221/ 425788", "direccion": "Mitre N° 1970 ", "latitud": -33.68581393, "longitud": -59.67181312 }, "geometry": { "type": "Point", "coordinates": [ -59.67181312, -33.68581393 ] } },
{ "type": "Feature", "properties": { "municipio_id": 6778, "municipio_nombre": "San Vicente", "localidad": "Domselaar", "dependencia": "Subcomisaría Domselaar", "telefono": "02225 - 491237", "direccion": "Ameghino y Belgrano ", "latitud": -35.07401796, "longitud": -58.29301777 }, "geometry": { "type": "Point", "coordinates": [ -58.29301777, -35.07401796 ] } },
{ "type": "Feature", "properties": { "municipio_id": 6778, "municipio_nombre": "San Vicente", "localidad": "San Vicente", "dependencia": "Comisaría San Vicente 1°", "telefono": "02225 - 483323", "direccion": "Calle 25 de Mayo N° 333 ", "latitud": -35.021377, "longitud": -58.419566 }, "geometry": { "type": "Point", "coordinates": [ -58.419566, -35.021377 ] } },
{ "type": "Feature", "properties": { "municipio_id": 6778, "municipio_nombre": "San Vicente", "localidad": "Alejandro Korn", "dependencia": "Comisaría San Vicente 2°", "telefono": "02225 - 423524", "direccion": "Mitre N° 360 ", "latitud": -34.98556426, "longitud": -58.3751698 }, "geometry": { "type": "Point", "coordinates": [ -58.3751698, -34.98556426 ] } },
{ "type": "Feature", "properties": { "municipio_id": 6784, "municipio_nombre": "Suipacha", "localidad": "Suipacha", "dependencia": "Estación Policía Comunal Suipacha", "telefono": "02324 – 481313/ 480021", "direccion": "San Martín N° 347 ", "latitud": -34.7680574, "longitud": -59.6870466 }, "geometry": { "type": "Point", "coordinates": [ -59.6870466, -34.7680574 ] } },
{ "type": "Feature", "properties": { "municipio_id": 6791, "municipio_nombre": "Tandil", "localidad": "Tandil", "dependencia": "Comisaría Tandil 2°", "telefono": "0249 - 4424202", "direccion": "Av. Colón N° 1274 ", "latitud": -37.31610438, "longitud": -59.13551057 }, "geometry": { "type": "Point", "coordinates": [ -59.13551057, -37.31610438 ] } },
{ "type": "Feature", "properties": { "municipio_id": 6791, "municipio_nombre": "Tandil", "localidad": "Tandil", "dependencia": "Comisaría Tandil 3°", "telefono": "0249 - 4420697", "direccion": "Beiró N° 640 ", "latitud": -37.30332329, "longitud": -59.13877702 }, "geometry": { "type": "Point", "coordinates": [ -59.13877702, -37.30332329 ] } },
{ "type": "Feature", "properties": { "municipio_id": 6791, "municipio_nombre": "Tandil", "localidad": "Tandil", "dependencia": "Comisaría Tandil 1°", "telefono": "0249 - 4425210", "direccion": "Independencia N° 263 ", "latitud": -37.29508685, "longitud": -59.11448001 }, "geometry": { "type": "Point", "coordinates": [ -59.11448001, -37.29508685 ] } },
{ "type": "Feature", "properties": { "municipio_id": 6791, "municipio_nombre": "Tandil", "localidad": "Tandil", "dependencia": "Comisaría Tandil 4°", "telefono": "0249 - 4432968", "direccion": "Independencia N° 1934 ", "latitud": -37.29495709, "longitud": -59.11476133 }, "geometry": { "type": "Point", "coordinates": [ -59.11476133, -37.29495709 ] } },
{ "type": "Feature", "properties": { "municipio_id": 6798, "municipio_nombre": "Tapalqué", "localidad": "Tapalqué", "dependencia": "Estación Policía Comunal Tapalqué", "telefono": "02283 - 420211", "direccion": "Rivadavia y Gómez ", "latitud": null, "longitud": null }, "geometry": null },
{ "type": "Feature", "properties": { "municipio_id": 6805, "municipio_nombre": "Tigre", "localidad": "Don Torcuato", "dependencia": "Comisaría Tigre 3°", "telefono": "011 – 45132783/ 84", "direccion": "Marcelo T. de Alvear N° 635 ", "latitud": -34.4875, "longitud": -58.618927 }, "geometry": { "type": "Point", "coordinates": [ -58.618927, -34.4875 ] } },
{ "type": "Feature", "properties": { "municipio_id": 6805, "municipio_nombre": "Tigre", "localidad": "El Talar. Pacheco", "dependencia": "Comisaría Tigre 5°", "telefono": "011 - 45127893/ 91/ 92", "direccion": "Gelly Obes y Alemania ", "latitud": -34.483969, "longitud": -58.660917 }, "geometry": { "type": "Point", "coordinates": [ -58.660917, -34.483969 ] } },
{ "type": "Feature", "properties": { "municipio_id": 6805, "municipio_nombre": "Tigre", "localidad": "Don Torcuato", "dependencia": "Comisaría Tigre 6°", "telefono": "011 - 47266206", "direccion": "Carlos Pellegrini N° 1336 ", "latitud": -34.4825741, "longitud": -58.6095896 }, "geometry": { "type": "Point", "coordinates": [ -58.6095896, -34.4825741 ] } },
{ "type": "Feature", "properties": { "municipio_id": 6805, "municipio_nombre": "Tigre", "localidad": "General Pacheco", "dependencia": "Comisaría Tigre 2°", "telefono": "011 - 45129763/ 9877/ 9762", "direccion": "Hipólito Irigoyen N° 745 ", "latitud": -34.459219, "longitud": -58.632531 }, "geometry": { "type": "Point", "coordinates": [ -58.632531, -34.459219 ] } },
{ "type": "Feature", "properties": { "municipio_id": 6805, "municipio_nombre": "Tigre", "localidad": "Ricardo Rojas", "dependencia": "Subcomisaría Ricardo Rojas", "telefono": "03327 - 444456", "direccion": "Del Casse N° 3010 ", "latitud": null, "longitud": null }, "geometry": null },
{ "type": "Feature", "properties": { "municipio_id": 6805, "municipio_nombre": "Tigre", "localidad": "Tigre", "dependencia": "Comisaría Tigre 1°", "telefono": "011 - 45805222/ 5941/ 5442", "direccion": "Bordeau N° 548 ", "latitud": -34.423394, "longitud": -58.579342 }, "geometry": { "type": "Point", "coordinates": [ -58.579342, -34.423394 ] } },
{ "type": "Feature", "properties": { "municipio_id": 6805, "municipio_nombre": "Tigre", "localidad": "Tigre", "dependencia": "Subcomisaría Islas Estación Delta", "telefono": "011 - 45805226", "direccion": "Sarmiento N° 373 ", "latitud": -34.42281525, "longitud": -58.57537887 }, "geometry": { "type": "Point", "coordinates": [ -58.57537887, -34.42281525 ] } },
{ "type": "Feature", "properties": { "municipio_id": 6805, "municipio_nombre": "Tigre", "localidad": "Benavídez", "dependencia": "Comisaría Tigre 4°", "telefono": "03327 - 481200/ 485905", "direccion": "Roca N° 2446 ", "latitud": -34.4111106, "longitud": -58.69306763 }, "geometry": { "type": "Point", "coordinates": [ -58.69306763, -34.4111106 ] } },
{ "type": "Feature", "properties": { "municipio_id": 6812, "municipio_nombre": "Tordillo", "localidad": "General Conesa", "dependencia": "Estación Policía Comunal G. Conesa", "telefono": "02245 - 492038/ 210/ 201", "direccion": "J. Alday e/ Mitre y Rosas ", "latitud": null, "longitud": null }, "geometry": null },
{ "type": "Feature", "properties": { "municipio_id": 6819, "municipio_nombre": "Tornquist", "localidad": "Saldungaray", "dependencia": "Subestación Policía Comunal Saldungaray", "telefono": "0291 - 4916013", "direccion": "Pavón N° 302 ", "latitud": -38.2040016, "longitud": -61.7699773 }, "geometry": { "type": "Point", "coordinates": [ -61.7699773, -38.2040016 ] } },
{ "type": "Feature", "properties": { "municipio_id": 6819, "municipio_nombre": "Tornquist", "localidad": "Tornquist", "dependencia": "Estación Policía Comunal", "telefono": "0291 - 4941071/ 4940981", "direccion": "Sarmiento N° 73 ", "latitud": -38.20172311, "longitud": -61.76460461 }, "geometry": { "type": "Point", "coordinates": [ -61.76460461, -38.20172311 ] } },
{ "type": "Feature", "properties": { "municipio_id": 6819, "municipio_nombre": "Tornquist", "localidad": "Sierra de la Ventana", "dependencia": "Subestación Policía Comunal Sierra de la Ventana", "telefono": "0291 - 4915009", "direccion": "Av. Roca y Alberdi N° 200 ", "latitud": null, "longitud": null }, "geometry": null },
{ "type": "Feature", "properties": { "municipio_id": 6826, "municipio_nombre": "Trenque Lauquen", "localidad": "30 de Agosto", "dependencia": "Subcomisaría 30 de Agosto", "telefono": "02392 - 4714383", "direccion": "General Paz N° 277 ", "latitud": -36.27849951, "longitud": -62.54371648 }, "geometry": { "type": "Point", "coordinates": [ -62.54371648, -36.27849951 ] } },
{ "type": "Feature", "properties": { "municipio_id": 6826, "municipio_nombre": "Trenque Lauquen", "localidad": "Trenque Lauquen", "dependencia": "Comisaría Trenque Lauquen", "telefono": "02392 - 422213/ 431100", "direccion": "Julio A. Roca N° 572 ", "latitud": -35.974388, "longitud": -62.734187 }, "geometry": { "type": "Point", "coordinates": [ -62.734187, -35.974388 ] } },
{ "type": "Feature", "properties": { "municipio_id": 6833, "municipio_nombre": "Tres Arroyos", "localidad": "Claromecó", "dependencia": "Estación Policía Comunal Tres Arroyos 2°", "telefono": "02982 - 495015/ 495100", "direccion": "Calle 13 e/ 32 y 34 ", "latitud": -38.85891465, "longitud": -60.06907858 }, "geometry": { "type": "Point", "coordinates": [ -60.06907858, -38.85891465 ] } },
{ "type": "Feature", "properties": { "municipio_id": 6833, "municipio_nombre": "Tres Arroyos", "localidad": "Orense", "dependencia": "Subestación Policía Comunal Orense", "telefono": "02982 - 420059", "direccion": "España N° 128 ", "latitud": -38.6859767, "longitud": -59.7798917 }, "geometry": { "type": "Point", "coordinates": [ -59.7798917, -38.6859767 ] } },
{ "type": "Feature", "properties": { "municipio_id": 6833, "municipio_nombre": "Tres Arroyos", "localidad": "Tres Arroyos", "dependencia": "Estación Policía Comunal Tres Arroyos 1°", "telefono": "02983 - 423333/ 422520/ 428690", "direccion": "Cnel. Pringles N° 66 ", "latitud": -38.37653974, "longitud": -60.2773615 }, "geometry": { "type": "Point", "coordinates": [ -60.2773615, -38.37653974 ] } },
{ "type": "Feature", "properties": { "municipio_id": 6840, "municipio_nombre": "Tres de Febrero", "localidad": "Ciudadela", "dependencia": "Comisaría Tres de Febrero 12°", "telefono": "011 - 46531612", "direccion": "Estero Bellaco N° 459 ", "latitud": -34.64531349, "longitud": -58.5358469 }, "geometry": { "type": "Point", "coordinates": [ -58.5358469, -34.64531349 ] } },
{ "type": "Feature", "properties": { "municipio_id": 6840, "municipio_nombre": "Tres de Febrero", "localidad": "Ciudadela", "dependencia": "Comisaría Tres de Febrero 2°", "telefono": "011 – 46533333", "direccion": "Gaceta de Buenos Aires N° 4080 ", "latitud": -34.63750585, "longitud": -58.5301994 }, "geometry": { "type": "Point", "coordinates": [ -58.5301994, -34.63750585 ] } },
{ "type": "Feature", "properties": { "municipio_id": 6840, "municipio_nombre": "Tres de Febrero", "localidad": "Ciudadela Norte", "dependencia": "Comisaría Tres de Febrero 6°", "telefono": "011 – 46539992", "direccion": "Paso y Pasteur ", "latitud": -34.624342, "longitud": -58.542464 }, "geometry": { "type": "Point", "coordinates": [ -58.542464, -34.624342 ] } },
{ "type": "Feature", "properties": { "municipio_id": 6840, "municipio_nombre": "Tres de Febrero", "localidad": "Villa Pineral", "dependencia": "Comisaría Tres de Febrero 4°", "telefono": "011 - 45127977/ 7995", "direccion": "Lisandro de la Torre N° 3806 ", "latitud": -34.61818458, "longitud": -58.55788467 }, "geometry": { "type": "Point", "coordinates": [ -58.55788467, -34.61818458 ] } },
{ "type": "Feature", "properties": { "municipio_id": 6840, "municipio_nombre": "Tres de Febrero", "localidad": "José Ingenieros", "dependencia": "Comisaría Tres de Febrero 8°", "telefono": "011 – 45133032/ 3031", "direccion": "Cayetano Rodríguez N° 2454 ", "latitud": -34.61800024, "longitud": -58.53316698 }, "geometry": { "type": "Point", "coordinates": [ -58.53316698, -34.61800024 ] } },
{ "type": "Feature", "properties": { "municipio_id": 6840, "municipio_nombre": "Tres de Febrero", "localidad": "Caseros", "dependencia": "Comisaría Tres de Febrero 1°", "telefono": "011 - 45127766/ 7998", "direccion": "San Jorge N° 2631 ", "latitud": -34.6061505, "longitud": -58.5667973 }, "geometry": { "type": "Point", "coordinates": [ -58.5667973, -34.6061505 ] } },
{ "type": "Feature", "properties": { "municipio_id": 6840, "municipio_nombre": "Tres de Febrero", "localidad": "Tres de Febrero", "dependencia": "Comisaría Tres de Febrero 7°", "telefono": "011 - 45133060/ 3062", "direccion": "Los Aromos N° 350", "latitud": -34.6046674, "longitud": -58.59026352 }, "geometry": { "type": "Point", "coordinates": [ -58.59026352, -34.6046674 ] } },
{ "type": "Feature", "properties": { "municipio_id": 6840, "municipio_nombre": "Tres de Febrero", "localidad": "Sáenz Peña", "dependencia": "Comisaría Tres de Febrero 10°", "telefono": "011 - 45133043", "direccion": "Posadas N° 680 ", "latitud": -34.6026333, "longitud": -58.52664096 }, "geometry": { "type": "Point", "coordinates": [ -58.52664096, -34.6026333 ] } },
{ "type": "Feature", "properties": { "municipio_id": 6840, "municipio_nombre": "Tres de Febrero", "localidad": "Santos Lugares", "dependencia": "Comisaría Tres de Febrero 3°", "telefono": "011 - 45133041/ 3222/ 3033/ 3034", "direccion": "Carbone N° 3371 ", "latitud": -34.601594, "longitud": -58.54006644 }, "geometry": { "type": "Point", "coordinates": [ -58.54006644, -34.601594 ] } },
{ "type": "Feature", "properties": { "municipio_id": 6840, "municipio_nombre": "Tres de Febrero", "localidad": "Villa Bosch", "dependencia": "Comisaría Tres de Febrero 9°", "telefono": "011 - 45126864/ 63", "direccion": "Segundo Sombra N° 5629 ", "latitud": -34.586552, "longitud": -58.573002 }, "geometry": { "type": "Point", "coordinates": [ -58.573002, -34.586552 ] } },
{ "type": "Feature", "properties": { "municipio_id": 6840, "municipio_nombre": "Tres de Febrero", "localidad": "Eufrasio Álvarez", "dependencia": "Comisaría Tres de Febrero 5°", "telefono": "011 - 45127890/ 7899", "direccion": "Av. Márquez y San Guillermo ", "latitud": -34.576617, "longitud": -58.597884 }, "geometry": { "type": "Point", "coordinates": [ -58.597884, -34.576617 ] } },
{ "type": "Feature", "properties": { "municipio_id": 6840, "municipio_nombre": "Tres de Febrero", "localidad": "Remedios de Escalada", "dependencia": "Comisaría Tres de Febrero 11°", "telefono": "011 - 47398709/ 8743", "direccion": "Diagonal Toledo N° 2105 ", "latitud": -34.56536619, "longitud": -58.62282828 }, "geometry": { "type": "Point", "coordinates": [ -58.62282828, -34.56536619 ] } },
{ "type": "Feature", "properties": { "municipio_id": 6847, "municipio_nombre": "Tres Lomas", "localidad": "Tres Lomas", "dependencia": "Comisaría Tres Lomas", "telefono": "02394 - 420040/420444/ 420819", "direccion": "Rivadavia N° 165 ", "latitud": -36.45596624, "longitud": -62.85764467 }, "geometry": { "type": "Point", "coordinates": [ -62.85764467, -36.45596624 ] } },
{ "type": "Feature", "properties": { "municipio_id": 6861, "municipio_nombre": "Vicente López", "localidad": "Villa Martelli", "dependencia": "Comisaría Vicente López  4°", "telefono": "011 - 45131420/ 40", "direccion": "Av. Laprida N° 3735 ", "latitud": -34.54417154, "longitud": -58.49631756 }, "geometry": { "type": "Point", "coordinates": [ -58.49631756, -34.54417154 ] } },
{ "type": "Feature", "properties": { "municipio_id": 6861, "municipio_nombre": "Vicente López", "localidad": "Balneario", "dependencia": "Comisaría Vicente López  5°", "telefono": "011 - 45136020", "direccion": "Av. Libertador N° 1085 ", "latitud": -34.53477995, "longitud": -58.4675043 }, "geometry": { "type": "Point", "coordinates": [ -58.4675043, -34.53477995 ] } },
{ "type": "Feature", "properties": { "municipio_id": 6861, "municipio_nombre": "Vicente López", "localidad": "Munro", "dependencia": "Comisaría Vicente López  3°", "telefono": "011 - 45125544/ 5553", "direccion": "Armenia N° 2640 ", "latitud": -34.52843512, "longitud": -58.52312177 }, "geometry": { "type": "Point", "coordinates": [ -58.52312177, -34.52843512 ] } },
{ "type": "Feature", "properties": { "municipio_id": 6861, "municipio_nombre": "Vicente López", "localidad": "Carapachay", "dependencia": "Comisaría Vicente López  6°", "telefono": "011 – 45125137/ 5556", "direccion": "Drysdale N° 5745 ", "latitud": -34.52720558, "longitud": -58.53597559 }, "geometry": { "type": "Point", "coordinates": [ -58.53597559, -34.52720558 ] } },
{ "type": "Feature", "properties": { "municipio_id": 6861, "municipio_nombre": "Vicente López", "localidad": "Munro", "dependencia": "Subcomisaría Loma de Roca", "telefono": "No posee", "direccion": "Uzal y Borges N° 3244 ", "latitud": null, "longitud": null }, "geometry": null },
{ "type": "Feature", "properties": { "municipio_id": 6861, "municipio_nombre": "Vicente López", "localidad": "Olivos", "dependencia": "Comisaría Vicente López  1°", "telefono": "011 - 5139815/ 9797/ 9816", "direccion": "Av. Maipú N° 2840 ", "latitud": -34.50942135, "longitud": -58.49182445 }, "geometry": { "type": "Point", "coordinates": [ -58.49182445, -34.50942135 ] } },
{ "type": "Feature", "properties": { "municipio_id": 6861, "municipio_nombre": "Vicente López", "localidad": "Florida", "dependencia": "Comisaría Vicente López  2°", "telefono": "011 - 45131446/ 47/ 48/ 49", "direccion": "Av. San Martín N° 3246 ", "latitud": null, "longitud": null }, "geometry": null },
{ "type": "Feature", "properties": { "municipio_id": 6868, "municipio_nombre": "Villa Gesell", "localidad": "Villa Gesell", "dependencia": "Comisaría Villa Gesell 2°", "telefono": "02255 – 472203/ 0381", "direccion": "Paseo 141 N° 383 ", "latitud": -37.28313424, "longitud": -56.99931204 }, "geometry": { "type": "Point", "coordinates": [ -56.99931204, -37.28313424 ] } },
{ "type": "Feature", "properties": { "municipio_id": 6868, "municipio_nombre": "Villa Gesell", "localidad": "Villa Gesell", "dependencia": "Comisaría Villa Gesell 1°", "telefono": "02255 - 462203/ 463555", "direccion": "Paseo 105 N° 462 ", "latitud": -37.25139806, "longitud": -56.9768137 }, "geometry": { "type": "Point", "coordinates": [ -56.9768137, -37.25139806 ] } },
{ "type": "Feature", "properties": { "municipio_id": 6868, "municipio_nombre": "Villa Gesell", "localidad": "Villa Gesell", "dependencia": "Comisaría Villa Gesell 4° Monte Rincón", "telefono": "02255 - 452780", "direccion": "Circunvalación y Paseo 112 ", "latitud": null, "longitud": null }, "geometry": null },
{ "type": "Feature", "properties": { "municipio_id": 6868, "municipio_nombre": "Villa Gesell", "localidad": "Mar de las Pampas", "dependencia": "Comisaría Villa Gesell 3° Mar de las Pampas", "telefono": "02255 - 468901", "direccion": "Houssay y Av. del Plata ", "latitud": null, "longitud": null }, "geometry": null },
{ "type": "Feature", "properties": { "municipio_id": 6875, "municipio_nombre": "Villarino", "localidad": "Pedro Luro", "dependencia": "Estación Policía Comunal Villarino 2°", "telefono": "02928 - 420120", "direccion": "Calle 3 N° 1048 ", "latitud": -39.50160453, "longitud": -62.6732452 }, "geometry": { "type": "Point", "coordinates": [ -62.6732452, -39.50160453 ] } },
{ "type": "Feature", "properties": { "municipio_id": 6875, "municipio_nombre": "Villarino", "localidad": "Villarino (Médanos)", "dependencia": "Estación Policía Comunal Villarino 1°", "telefono": "02927 - 432202", "direccion": "Mitre N° 696 ", "latitud": -38.8726381, "longitud": -62.6667307 }, "geometry": { "type": "Point", "coordinates": [ -62.6667307, -38.8726381 ] } },
{ "type": "Feature", "properties": { "municipio_id": 6875, "municipio_nombre": "Villarino", "localidad": "Mayor Buratovich", "dependencia": "Subestación Policía Comunal Buratovich", "telefono": "0291 - 4917292", "direccion": "General Belgrano N° 1196 ", "latitud": null, "longitud": null }, "geometry": null },
{ "type": "Feature", "properties": { "municipio_id": 6882, "municipio_nombre": "Zárate", "localidad": "Zárate", "dependencia": "Comisaría Zárate 1°", "telefono": "03487 - 422222/ 2666/ 6065", "direccion": "Rivadavia N° 637 ", "latitud": -34.09476652, "longitud": -59.0235673 }, "geometry": { "type": "Point", "coordinates": [ -59.0235673, -34.09476652 ] } },
{ "type": "Feature", "properties": { "municipio_id": 6882, "municipio_nombre": "Zárate", "localidad": "Lima", "dependencia": "Comisaría Zárate 2°", "telefono": "03487 - 480111/ 481189", "direccion": "Calle 12 N° 642 ", "latitud": -34.04654315, "longitud": -59.19511466 }, "geometry": { "type": "Point", "coordinates": [ -59.19511466, -34.04654315 ] } }
]
}
